code;axis;type;label-en_US;attr_7;attr_60;name;attr_84;attr_17
variant_group_0;attr_49,attr_64;VARIANT;ea;"officia perferendis debitis";"qui autem et";"dolorem nulla ea";;
variant_group_1;attr_21,attr_34;VARIANT;velit;"optio mollitia hic";"voluptatum eaque voluptatem";;"nobis natus quo";
variant_group_2;attr_21,attr_34;VARIANT;qui;;;"sunt et et";"ab saepe et";"est nemo totam"
variant_group_3;attr_21,attr_34;VARIANT;eum;;;"ut voluptatibus quia";"quia harum consequatur";"ut ut blanditiis"
variant_group_4;attr_34,attr_21;VARIANT;repudiandae;"quae sint minus";"vel modi ducimus";"rerum illo officia";;
variant_group_5;attr_96,attr_34;VARIANT;distinctio;"et dignissimos ea";"rerum fugiat quam";"minima commodi nam";;
variant_group_6;attr_21,attr_96;VARIANT;cumque;"labore distinctio qui";"optio ad dignissimos";;"natus est illo";
variant_group_7;attr_21,attr_96;VARIANT;ex;"numquam aspernatur suscipit";"reiciendis quisquam sequi";;;"omnis mollitia est"
variant_group_8;attr_15,attr_6;VARIANT;saepe;;"quam soluta repellendus";"cupiditate sed ratione";;"amet laudantium est"
variant_group_9;attr_6,attr_21;VARIANT;temporibus;"rem iste optio";"officiis soluta est";;;"veritatis velit recusandae"
variant_group_10;attr_34,attr_96;VARIANT;magnam;"rerum et explicabo";"tempore dolorem facilis";;"nemo adipisci voluptatem";
variant_group_11;attr_15,attr_34;VARIANT;facilis;"et dolorem provident";;"minus et est";"et quis sunt";
variant_group_12;attr_64,attr_96;VARIANT;et;"fugit molestiae ut";"eos deserunt et";;;"repudiandae voluptatem debitis"
variant_group_13;attr_64,attr_96;VARIANT;laboriosam;;"beatae fugiat quidem";"esse eligendi in";"necessitatibus sed rem";
variant_group_14;attr_6,attr_64;VARIANT;quis;;"sint voluptas suscipit";"omnis odit aliquid";;"beatae optio repudiandae"
variant_group_15;attr_96,attr_34;VARIANT;ut;"aliquid dicta ut";;"quo dicta dignissimos";;"rem sequi est"
variant_group_16;attr_21,attr_15;VARIANT;perspiciatis;"dolores et dicta";"aut dolor doloribus";"aperiam rerum qui";;
variant_group_17;attr_21,attr_96;VARIANT;modi;;"ut quas deleniti";"porro sunt amet";;"consequatur animi suscipit"
variant_group_18;attr_96,attr_49;VARIANT;ducimus;"rerum nihil impedit";"aspernatur ab aut";;"non soluta voluptas";
variant_group_19;attr_49,attr_6;VARIANT;dolorem;"voluptatum nam corrupti";;"repudiandae numquam voluptatem";"facere est possimus";
variant_group_20;attr_34,attr_6;VARIANT;aperiam;"ut minima aut";"est sint aperiam";"dolorem dignissimos qui";;
variant_group_21;attr_34,attr_6;VARIANT;aliquam;"quaerat excepturi id";"ut molestias odit";"nisi aut dolor";;
variant_group_22;attr_64,attr_6;VARIANT;voluptatum;"nostrum magni praesentium";;"est consequatur enim";"aliquam ullam iste";
variant_group_23;attr_49,attr_64;VARIANT;maxime;"numquam pariatur assumenda";"quae aliquid dolor";"aliquam et unde";;
variant_group_24;attr_6,attr_15;VARIANT;vel;"voluptatum illum atque";"inventore dolorem et";;;"in voluptatibus sapiente"
variant_group_25;attr_64,attr_21;VARIANT;consectetur;"sed eius et";"neque voluptatibus adipisci";;"earum earum deleniti";
variant_group_26;attr_15,attr_6;VARIANT;eum;;;"ea voluptate labore";"autem voluptatem neque";"occaecati ut dolor"
variant_group_27;attr_21,attr_6;VARIANT;sit;;"ea recusandae magnam";"sed omnis itaque";;"dolorum id dignissimos"
variant_group_28;attr_34,attr_64;VARIANT;molestias;;"tempore architecto exercitationem";"dolorem inventore doloremque";"asperiores repellendus sunt";
variant_group_29;attr_34,attr_6;VARIANT;repellat;"error voluptates fugit";;;"impedit deserunt magni";"ipsum eum nemo"
variant_group_30;attr_21,attr_34;VARIANT;qui;"soluta quasi molestiae";;;"molestiae ratione nisi";"enim enim iusto"
variant_group_31;attr_6,attr_21;VARIANT;ea;;"recusandae similique soluta";"excepturi aut itaque";;"aut aut et"
variant_group_32;attr_64,attr_49;VARIANT;odit;"recusandae repellendus qui";;"ea exercitationem fugit";;"fugit magnam ut"
variant_group_33;attr_34,attr_96;VARIANT;dignissimos;;"doloremque sequi rerum";"amet voluptas beatae";"quae quibusdam omnis";
variant_group_34;attr_21,attr_6;VARIANT;nemo;"ullam exercitationem modi";"dicta repellat est";;"iure dolorum voluptatem";
variant_group_35;attr_15,attr_6;VARIANT;nihil;"qui accusantium tempore";;"corrupti ea cum";"perspiciatis eum rem";
variant_group_36;attr_64,attr_21;VARIANT;temporibus;"voluptates facilis ipsum";"eveniet fuga blanditiis";;;"ea sit reprehenderit"
variant_group_37;attr_6,attr_64;VARIANT;omnis;;"nobis voluptas et";"nemo ut cumque";;"sit officiis sit"
variant_group_38;attr_96,attr_21;VARIANT;soluta;"sint voluptatem doloribus";"reiciendis nam ipsam";;;"eaque suscipit ut"
variant_group_39;attr_21,attr_15;VARIANT;perferendis;"ut nemo optio";;"iusto sint repudiandae";"voluptatem corporis sed";
variant_group_40;attr_49,attr_34;VARIANT;dolorum;"fugiat et rerum";;"et eum et";;"in porro et"
variant_group_41;attr_49,attr_6;VARIANT;odit;"labore iste consequatur";;"ut rerum harum";"sit perspiciatis mollitia";
variant_group_42;attr_6,attr_49;VARIANT;impedit;"ex nesciunt quo";"eveniet omnis sit";"deleniti totam et";;
variant_group_43;attr_21,attr_34;VARIANT;sunt;"reprehenderit incidunt autem";"et non vero";;;"minus veritatis cupiditate"
variant_group_44;attr_49,attr_15;VARIANT;et;"consequatur et fugiat";;"exercitationem iusto molestias";;"at deserunt est"
variant_group_45;attr_96,attr_64;VARIANT;nihil;"deserunt molestiae provident";;;"culpa soluta impedit";"est adipisci in"
variant_group_46;attr_6,attr_49;VARIANT;reiciendis;"totam ex ut";"sapiente eum et";;"placeat molestias natus";
variant_group_47;attr_21,attr_6;VARIANT;amet;"cupiditate magni maxime";"fuga assumenda modi";;"sint nostrum in";
variant_group_48;attr_15,attr_49;VARIANT;ut;"ut non repellat";"occaecati et quod";;;"quam nihil quia"
variant_group_49;attr_21,attr_34;VARIANT;dolores;"modi id praesentium";;;"accusantium autem doloribus";"voluptas corrupti quae"
variant_group_50;attr_64,attr_15;VARIANT;natus;;;"a a porro";"quo consequuntur ut";"ipsa omnis nihil"
variant_group_51;attr_21,attr_96;VARIANT;ex;"cupiditate maxime necessitatibus";"voluptates vel pariatur";"itaque animi est";;
variant_group_52;attr_6,attr_64;VARIANT;doloremque;"in facere unde";"aliquam cum consequatur";;;"hic odit sint"
variant_group_53;attr_64,attr_49;VARIANT;nihil;;"atque ad tempora";;"quo libero voluptatem";"sint veritatis rerum"
variant_group_54;attr_64,attr_21;VARIANT;non;"labore vitae excepturi";;"sunt sint beatae";"assumenda vitae voluptates";
variant_group_55;attr_21,attr_96;VARIANT;et;;"perferendis ut impedit";;"ut delectus dolorum";"expedita maiores velit"
variant_group_56;attr_96,attr_6;VARIANT;at;"necessitatibus dolorem quia";"architecto placeat minima";"ipsum sint adipisci";;
variant_group_57;attr_64,attr_6;VARIANT;enim;;"cum magni nam";"consequuntur et impedit";"natus eaque tempora";
variant_group_58;attr_96,attr_34;VARIANT;voluptatem;"qui nisi ullam";"consequatur voluptatum minima";;"officiis delectus vel";
variant_group_59;attr_49,attr_21;VARIANT;ipsum;"aut corporis qui";;"illum non debitis";"qui voluptatem ducimus";
variant_group_60;attr_15,attr_96;VARIANT;recusandae;"et ducimus quidem";;"nulla minus ex";;"modi occaecati aliquid"
variant_group_61;attr_64,attr_49;VARIANT;voluptates;;"voluptatem aut magni";"ut voluptas tempore";;"error minima est"
variant_group_62;attr_96,attr_15;VARIANT;voluptates;;"sed quisquam explicabo";"aperiam officiis nihil";"molestiae similique officiis";
variant_group_63;attr_49,attr_15;VARIANT;sed;;"rerum beatae fuga";"fuga adipisci rerum";"illo sequi enim";
variant_group_64;attr_96,attr_21;VARIANT;delectus;;"neque rem distinctio";;"cupiditate magni perferendis";"est aperiam facere"
variant_group_65;attr_21,attr_64;VARIANT;quia;"illum quia provident";"ut repudiandae magni";;;"temporibus amet quia"
variant_group_66;attr_96,attr_6;VARIANT;sint;"accusamus est iure";"et veniam rerum";;"in qui quisquam";
variant_group_67;attr_49,attr_21;VARIANT;sit;"esse molestiae placeat";;"aliquam quia accusamus";;"aliquam consequatur dicta"
variant_group_68;attr_64,attr_15;VARIANT;dignissimos;"vero inventore omnis";"suscipit possimus tempora";;"impedit saepe iure";
variant_group_69;attr_6,attr_49;VARIANT;aliquam;;"et placeat odio";"iure consequuntur rerum";"non doloribus aspernatur";
variant_group_70;attr_21,attr_96;VARIANT;vel;"voluptatum suscipit deleniti";"accusantium fugiat incidunt";"voluptate dolorem minima";;
variant_group_71;attr_96,attr_34;VARIANT;sed;"saepe odit ipsa";"nulla necessitatibus sapiente";;"sunt pariatur inventore";
variant_group_72;attr_21,attr_15;VARIANT;sapiente;"id provident et";"cupiditate consequatur magnam";"eaque fuga et";;
variant_group_73;attr_96,attr_21;VARIANT;ut;"voluptatem nemo fugiat";;"officia hic ratione";"dolorem quod corrupti";
variant_group_74;attr_15,attr_96;VARIANT;animi;"aut qui odio";"culpa mollitia est";;"quia at tempore";
variant_group_75;attr_21,attr_34;VARIANT;alias;;"accusantium earum harum";"ipsam nemo ut";;"aspernatur est et"
variant_group_76;attr_15,attr_49;VARIANT;molestiae;"est consequuntur ut";;"consequuntur quasi mollitia";"qui vel voluptatum";
variant_group_77;attr_64,attr_49;VARIANT;nulla;;"autem nihil laborum";"qui voluptas aut";;"earum sint qui"
variant_group_78;attr_34,attr_15;VARIANT;soluta;"nemo nobis aut";"praesentium dignissimos fugiat";"dolor adipisci enim";;
variant_group_79;attr_15,attr_49;VARIANT;suscipit;"quae ea placeat";"sit perspiciatis neque";;"corporis qui aliquid";
variant_group_80;attr_64,attr_6;VARIANT;et;"beatae quia deleniti";;"saepe inventore expedita";"maiores et quasi";
variant_group_81;attr_15,attr_34;VARIANT;iure;"hic minima vel";;"dolorem facere eos";;"quaerat quod et"
variant_group_82;attr_49,attr_15;VARIANT;tempora;;"numquam alias quas";"dolore deleniti nulla";;"non beatae et"
variant_group_83;attr_15,attr_49;VARIANT;vel;;;"voluptatem ea consequuntur";"autem iste qui";"est deleniti molestias"
variant_group_84;attr_49,attr_64;VARIANT;et;;"laudantium sint eius";"ea voluptatibus commodi";"officiis incidunt rerum";
variant_group_85;attr_64,attr_21;VARIANT;omnis;"doloribus iste quo";"dolor ipsum minus";;;"sit nemo dolorum"
variant_group_86;attr_96,attr_34;VARIANT;et;"quibusdam harum hic";;"ipsam quaerat odio";;"facilis accusamus rerum"
variant_group_87;attr_34,attr_21;VARIANT;quaerat;"pariatur illo qui";"deserunt aut deserunt";;"quisquam neque et";
variant_group_88;attr_21,attr_15;VARIANT;omnis;"saepe aut consequuntur";"ad et eius";;"ex magni occaecati";
variant_group_89;attr_21,attr_64;VARIANT;sed;;"debitis et aut";;"vel error voluptatem";"pariatur soluta sit"
variant_group_90;attr_49,attr_96;VARIANT;et;"quasi unde facilis";"et qui est";"nobis error reprehenderit";;
variant_group_91;attr_34,attr_15;VARIANT;suscipit;;"rerum voluptas laborum";"aspernatur et aut";"voluptatem inventore libero";
variant_group_92;attr_64,attr_96;VARIANT;quibusdam;;"alias earum in";"voluptates omnis eos";;"animi voluptas voluptatem"
variant_group_93;attr_96,attr_21;VARIANT;minima;;;"omnis consequatur magnam";"alias nesciunt et";"corporis id laudantium"
variant_group_94;attr_15,attr_34;VARIANT;dicta;;"nemo unde est";;"officia ad ut";"omnis earum quo"
variant_group_95;attr_49,attr_15;VARIANT;mollitia;"quaerat neque quo";;"qui in et";;"quidem ut amet"
variant_group_96;attr_64,attr_6;VARIANT;dignissimos;;"ratione nobis consequatur";;"architecto nisi est";"officia dolores aut"
variant_group_97;attr_64,attr_6;VARIANT;debitis;"minus iure nihil";;"nulla quia culpa";"dolor delectus voluptas";
variant_group_98;attr_49,attr_96;VARIANT;illo;;"dolorem rerum consequuntur";;"voluptas maxime libero";"saepe ipsam expedita"
variant_group_99;attr_96,attr_49;VARIANT;porro;;"est vitae sit";"ex nam ducimus";"nam eligendi voluptates";
variant_group_100;attr_34,attr_49;VARIANT;sunt;;"eum vel soluta";;"quis consectetur eos";"quia ut nihil"
variant_group_101;attr_64,attr_96;VARIANT;cupiditate;"ut consectetur voluptatibus";;"non provident dolor";;"facilis est explicabo"
variant_group_102;attr_15,attr_34;VARIANT;enim;;"laboriosam esse eum";;"possimus error consectetur";"amet dolore enim"
variant_group_103;attr_64,attr_15;VARIANT;iusto;;"dolorum et cupiditate";"corrupti occaecati et";;"est est vitae"
variant_group_104;attr_96,attr_21;VARIANT;est;"blanditiis optio qui";"ut est labore";;"nisi sequi perferendis";
variant_group_105;attr_21,attr_64;VARIANT;eos;"voluptates reiciendis qui";;"in maxime consequuntur";;"maxime nam vero"
variant_group_106;attr_21,attr_34;VARIANT;aut;"vero cumque consequatur";;"qui illum minus";;"dolor earum quisquam"
variant_group_107;attr_96,attr_21;VARIANT;cum;"voluptas nihil doloribus";"eum corporis perspiciatis";;"esse nisi accusantium";
variant_group_108;attr_49,attr_15;VARIANT;reiciendis;"dolore modi cumque";;;"maxime voluptatum qui";"maxime deleniti maxime"
variant_group_109;attr_49,attr_6;VARIANT;quae;;;"pariatur sint possimus";"iste incidunt consequatur";"qui veniam nostrum"
variant_group_110;attr_21,attr_49;VARIANT;voluptatibus;"incidunt animi delectus";;;"quis in enim";"voluptatem quo facere"
variant_group_111;attr_6,attr_96;VARIANT;in;;"velit qui neque";"aliquam autem vero";"amet ut tenetur";
variant_group_112;attr_49,attr_6;VARIANT;architecto;"maxime possimus consequuntur";"neque dolorem facilis";"illo placeat ratione";;
variant_group_113;attr_49,attr_6;VARIANT;voluptatum;"quo amet autem";"id et consectetur";;"eum in impedit";
variant_group_114;attr_34,attr_64;VARIANT;placeat;"aut voluptatibus pariatur";"unde corporis et";;"est doloribus hic";
variant_group_115;attr_21,attr_49;VARIANT;vel;"impedit aut id";;;"voluptas natus qui";"enim quo neque"
variant_group_116;attr_34,attr_96;VARIANT;perspiciatis;;;"sunt fugiat quis";"tempora necessitatibus dolor";"et et et"
variant_group_117;attr_96,attr_21;VARIANT;dolorem;;;"nihil id ut";"esse illo perferendis";"doloribus odio similique"
variant_group_118;attr_49,attr_15;VARIANT;illo;"possimus id distinctio";;;"enim eum qui";"sequi consequatur in"
variant_group_119;attr_21,attr_49;VARIANT;est;"nulla in ut";"et qui quia";;;"commodi ab expedita"
variant_group_120;attr_96,attr_49;VARIANT;ea;;;"blanditiis debitis quae";"maxime alias in";"culpa occaecati maiores"
variant_group_121;attr_6,attr_34;VARIANT;et;;"fuga eaque ducimus";"praesentium modi nihil";;"commodi earum et"
variant_group_122;attr_64,attr_15;VARIANT;dolores;"quia sint dolores";;;"voluptatem corporis dolores";"ea velit beatae"
variant_group_123;attr_34,attr_21;VARIANT;optio;"culpa consectetur debitis";;;"quo eius laborum";"dolorem sed doloribus"
variant_group_124;attr_21,attr_6;VARIANT;omnis;"qui consequatur dolorem";"voluptatibus est doloribus";;;"quo optio accusantium"
variant_group_125;attr_64,attr_49;VARIANT;saepe;"dolores beatae saepe";;"magnam corporis odit";;"saepe autem recusandae"
variant_group_126;attr_34,attr_21;VARIANT;nesciunt;"voluptatibus laudantium et";;"eveniet velit eius";"ipsam omnis debitis";
variant_group_127;attr_64,attr_6;VARIANT;qui;;"fuga aspernatur perferendis";"sed officiis reiciendis";"nihil laboriosam voluptatem";
variant_group_128;attr_6,attr_21;VARIANT;culpa;"aperiam eius officia";;"nostrum amet quaerat";"dolorum impedit veniam";
variant_group_129;attr_64,attr_21;VARIANT;autem;"mollitia nesciunt voluptate";;;"reiciendis dolor esse";"reiciendis ut quae"
variant_group_130;attr_21,attr_96;VARIANT;aspernatur;"porro esse perspiciatis";"odit nulla ad";;"quo asperiores dignissimos";
variant_group_131;attr_21,attr_49;VARIANT;dolor;;"aut nulla voluptate";"beatae dicta et";"fuga autem dolores";
variant_group_132;attr_21,attr_49;VARIANT;est;;"doloribus aut quod";"voluptatum aperiam hic";;"qui voluptatem qui"
variant_group_133;attr_96,attr_21;VARIANT;praesentium;"ut voluptatum exercitationem";"ad sapiente asperiores";"ut qui dicta";;
variant_group_134;attr_6,attr_96;VARIANT;rerum;;"aut eos nemo";;"eum quia aperiam";"quasi cumque nulla"
variant_group_135;attr_64,attr_34;VARIANT;soluta;"est accusantium laborum";;"eos nostrum voluptas";;"esse labore et"
variant_group_136;attr_49,attr_34;VARIANT;porro;;"dolorum eum odit";;"architecto delectus ea";"temporibus reiciendis error"
variant_group_137;attr_21,attr_49;VARIANT;vitae;"sint odio assumenda";;"optio eaque dolor";;"id voluptas quaerat"
variant_group_138;attr_64,attr_49;VARIANT;pariatur;;"ut omnis sunt";"quia dolor beatae";"rerum ratione fugit";
variant_group_139;attr_15,attr_96;VARIANT;hic;;"laudantium harum minus";"quia accusantium error";;"aut eos provident"
variant_group_140;attr_15,attr_64;VARIANT;sed;;"rerum nulla nam";"delectus quaerat temporibus";;"nobis consequatur sed"
variant_group_141;attr_64,attr_21;VARIANT;exercitationem;;"laudantium inventore alias";"sed molestiae illum";"debitis molestias similique";
variant_group_142;attr_15,attr_34;VARIANT;nihil;;"aspernatur impedit ut";;"odio et omnis";"nihil expedita aliquid"
variant_group_143;attr_96,attr_49;VARIANT;earum;"vitae quo necessitatibus";"rerum in quod";;"omnis asperiores placeat";
variant_group_144;attr_49,attr_34;VARIANT;quas;"rerum quia labore";;"porro deleniti quis";"eos similique inventore";
variant_group_145;attr_49,attr_6;VARIANT;maiores;;"et possimus omnis";"voluptatem autem ipsa";;"fuga ea magnam"
variant_group_146;attr_64,attr_15;VARIANT;quaerat;"iure non voluptas";"expedita aut quam";;;"modi qui animi"
variant_group_147;attr_6,attr_21;VARIANT;animi;;"suscipit iusto sequi";"esse molestiae aut";"sed temporibus cumque";
variant_group_148;attr_96,attr_64;VARIANT;veritatis;;;"porro aut maxime";"placeat perferendis odit";"unde tenetur fuga"
variant_group_149;attr_49,attr_15;VARIANT;ut;"ullam et perspiciatis";;;"eaque sed qui";"omnis ex officia"
variant_group_150;attr_6,attr_21;VARIANT;est;;"sed voluptates libero";"dicta explicabo nostrum";;"ut aut molestias"
variant_group_151;attr_15,attr_6;VARIANT;omnis;"voluptatibus eaque eveniet";"cumque dolor et";"est odio cupiditate";;
variant_group_152;attr_49,attr_64;VARIANT;esse;"et delectus rerum";;"aspernatur enim eius";;"et dolor quaerat"
variant_group_153;attr_49,attr_6;VARIANT;fugit;"esse qui id";"ea possimus eius";"suscipit rerum earum";;
variant_group_154;attr_21,attr_34;VARIANT;praesentium;"ut eos ut";"mollitia suscipit incidunt";"doloremque minima pariatur";;
variant_group_155;attr_64,attr_96;VARIANT;voluptatem;;"iste eveniet a";"est ea accusantium";;"sit suscipit sint"
variant_group_156;attr_34,attr_64;VARIANT;non;;"id minus rerum";;"assumenda quia iusto";"dolores inventore dolores"
variant_group_157;attr_6,attr_34;VARIANT;accusamus;;"omnis magni voluptas";"voluptate dolorem architecto";;"esse aut mollitia"
variant_group_158;attr_6,attr_15;VARIANT;eum;;"laudantium ea sit";;"quo ex molestiae";"et veniam repellat"
variant_group_159;attr_49,attr_15;VARIANT;illo;"amet qui id";;"consequuntur alias qui";;"provident non odio"
variant_group_160;attr_96,attr_49;VARIANT;ut;"dolor eum odit";;;"corporis cupiditate et";"asperiores tempora earum"
variant_group_161;attr_64,attr_34;VARIANT;omnis;;"et ullam est";"voluptatem nisi et";"et ut quasi";
variant_group_162;attr_49,attr_64;VARIANT;animi;"consequatur consectetur dignissimos";"quo excepturi numquam";"facilis est omnis";;
variant_group_163;attr_15,attr_49;VARIANT;aut;;"non velit debitis";"saepe quas quo";"nisi nulla dolores";
variant_group_164;attr_96,attr_64;VARIANT;amet;;"beatae consequuntur reiciendis";"cumque similique ut";;"sunt reprehenderit suscipit"
variant_group_165;attr_15,attr_96;VARIANT;provident;"laborum nulla voluptatem";;;"consectetur placeat accusamus";"quisquam distinctio et"
variant_group_166;attr_15,attr_64;VARIANT;quibusdam;;"quis officiis aspernatur";;"itaque reiciendis sed";"consequuntur animi amet"
variant_group_167;attr_6,attr_64;VARIANT;dolore;;"ut qui excepturi";"quidem officiis id";"aut quae aliquid";
variant_group_168;attr_6,attr_34;VARIANT;perspiciatis;"dolores tempora earum";"sit animi reprehenderit";;;"non culpa aliquid"
variant_group_169;attr_64,attr_15;VARIANT;qui;;"omnis cumque necessitatibus";"et quia ea";"omnis ducimus in";
variant_group_170;attr_96,attr_64;VARIANT;minus;;"mollitia saepe consequatur";"nam eius quas";;"dolor est labore"
variant_group_171;attr_15,attr_6;VARIANT;illum;;"et reiciendis facere";;"consequatur delectus distinctio";"sed dicta modi"
variant_group_172;attr_21,attr_6;VARIANT;vel;"dolorem molestiae quia";;"qui quis culpa";"nisi voluptatibus aut";
variant_group_173;attr_64,attr_34;VARIANT;debitis;"quo praesentium vitae";;"quas magni est";"enim accusantium repellendus";
variant_group_174;attr_15,attr_49;VARIANT;nihil;;"facere praesentium nostrum";;"non quod doloribus";"alias voluptas velit"
variant_group_175;attr_21,attr_49;VARIANT;veritatis;"nulla nesciunt dolorum";;"et voluptas qui";"expedita esse aperiam";
variant_group_176;attr_34,attr_6;VARIANT;sed;"laudantium aut animi";;;"et doloremque nihil";"magni vero aut"
variant_group_177;attr_64,attr_49;VARIANT;ut;;"ab praesentium impedit";;"nobis illo autem";"voluptas reprehenderit expedita"
variant_group_178;attr_6,attr_34;VARIANT;qui;;;"accusamus aspernatur natus";"nihil sed adipisci";"aliquid molestiae rerum"
variant_group_179;attr_34,attr_15;VARIANT;nihil;"tempora maxime error";;"quasi odit autem";;"est omnis corrupti"
variant_group_180;attr_64,attr_15;VARIANT;pariatur;"quo blanditiis nostrum";"exercitationem voluptatem voluptates";;"fuga qui autem";
variant_group_181;attr_49,attr_64;VARIANT;mollitia;"commodi iste laboriosam";;;"aliquam recusandae odit";"doloribus sunt qui"
variant_group_182;attr_96,attr_49;VARIANT;perferendis;;;"neque quis minima";"dolores quasi excepturi";"numquam ipsum saepe"
variant_group_183;attr_96,attr_6;VARIANT;ullam;;"eaque beatae possimus";;"in qui et";"voluptatibus quod est"
variant_group_184;attr_34,attr_6;VARIANT;veniam;;"distinctio debitis sunt";"quasi quo ut";;"est nostrum explicabo"
variant_group_185;attr_21,attr_34;VARIANT;vero;"aut qui sit";;"numquam laboriosam totam";;"dicta quaerat inventore"
variant_group_186;attr_21,attr_96;VARIANT;aut;"aut quia veniam";"soluta eius optio";;;"atque esse placeat"
variant_group_187;attr_15,attr_21;VARIANT;harum;"non non ea";;"quisquam reiciendis dolore";;"aut beatae aliquid"
variant_group_188;attr_64,attr_21;VARIANT;et;"est vitae reiciendis";;;"dolor fugit quo";"dolores sed officiis"
variant_group_189;attr_34,attr_96;VARIANT;tempora;;"repudiandae ut dolor";"repudiandae et eligendi";"ea saepe qui";
variant_group_190;attr_34,attr_49;VARIANT;ut;;"voluptatibus doloribus pariatur";"id illo magnam";;"ex ut incidunt"
variant_group_191;attr_15,attr_96;VARIANT;sunt;;"aliquam dicta consequatur";"natus asperiores quos";;"rerum quos optio"
variant_group_192;attr_64,attr_96;VARIANT;eum;"sed ut perspiciatis";;"autem at delectus";"tempore facilis alias";
variant_group_193;attr_64,attr_6;VARIANT;odit;;"expedita qui hic";"dolorem omnis blanditiis";;"assumenda qui non"
variant_group_194;attr_6,attr_34;VARIANT;error;;"optio minima odit";"facilis nulla ut";;"sint velit ut"
variant_group_195;attr_21,attr_64;VARIANT;qui;;"non in hic";"laborum aut nam";;"ad ducimus perferendis"
variant_group_196;attr_49,attr_15;VARIANT;deleniti;;"voluptatum quo doloremque";;"quod necessitatibus ipsum";"et quia aut"
variant_group_197;attr_34,attr_15;VARIANT;veritatis;"repellat et et";"et quo et";;"perferendis aut et";
variant_group_198;attr_49,attr_64;VARIANT;molestiae;"facere dolorem qui";;"et sit molestiae";"et sit tenetur";
variant_group_199;attr_49,attr_6;VARIANT;ducimus;;"voluptatem animi cum";"est cupiditate suscipit";"explicabo aliquid voluptatem";
variant_group_200;attr_34,attr_6;VARIANT;voluptas;;"harum incidunt nemo";;"molestias minima autem";"exercitationem ut tempore"
variant_group_201;attr_21,attr_34;VARIANT;aliquid;"architecto et eaque";"explicabo et aut";;"enim cum dolorum";
variant_group_202;attr_49,attr_64;VARIANT;atque;"ex expedita sed";;;"vel vel qui";"sunt provident praesentium"
variant_group_203;attr_21,attr_34;VARIANT;quia;"a exercitationem qui";;;"labore repudiandae necessitatibus";"necessitatibus accusamus qui"
variant_group_204;attr_49,attr_34;VARIANT;quae;"quos quis repellendus";"et reprehenderit accusamus";;;"quos eligendi odit"
variant_group_205;attr_6,attr_21;VARIANT;sapiente;;"est quos non";"consectetur voluptatem aut";;"perspiciatis illo rerum"
variant_group_206;attr_64,attr_34;VARIANT;ratione;;;"quia ea nostrum";"aut placeat dicta";"est velit dignissimos"
variant_group_207;attr_49,attr_21;VARIANT;sint;"ut sint eius";"quasi voluptatum culpa";;;"consectetur rem sunt"
variant_group_208;attr_64,attr_49;VARIANT;rerum;;"nihil aut sit";"laudantium debitis voluptatem";;"veritatis voluptatem consequatur"
variant_group_209;attr_15,attr_96;VARIANT;et;"quaerat ad veniam";"atque tempora rerum";"quos vel quisquam";;
variant_group_210;attr_96,attr_49;VARIANT;ea;"doloremque in quisquam";"voluptates in enim";;;"qui nulla voluptates"
variant_group_211;attr_15,attr_49;VARIANT;enim;"dolore ad laudantium";;"facere vel maxime";;"voluptas fuga numquam"
variant_group_212;attr_6,attr_34;VARIANT;quibusdam;"quis dolores ut";;"aut aut iste";;"facilis neque voluptates"
variant_group_213;attr_96,attr_49;VARIANT;laborum;"consequatur velit sed";"velit alias cum";;"ea velit sunt";
variant_group_214;attr_49,attr_6;VARIANT;harum;"placeat est ad";;;"porro ut nesciunt";"consequuntur expedita minima"
variant_group_215;attr_49,attr_34;VARIANT;magni;;"atque rerum ullam";"blanditiis ullam omnis";"quae voluptas officiis";
variant_group_216;attr_64,attr_6;VARIANT;hic;"eaque harum aut";"distinctio quidem doloribus";;"dicta ab in";
variant_group_217;attr_64,attr_21;VARIANT;doloribus;"eos qui temporibus";"enim voluptas cupiditate";;"alias a aut";
variant_group_218;attr_64,attr_15;VARIANT;explicabo;"impedit ullam aut";;"dolorum a ut";;"sunt quaerat voluptas"
variant_group_219;attr_96,attr_6;VARIANT;consequatur;"sint sunt ad";;;"ut officiis inventore";"consequatur exercitationem aut"
variant_group_220;attr_96,attr_15;VARIANT;odio;"ut nesciunt consequuntur";;;"fuga ipsam nam";"et dolor tempora"
variant_group_221;attr_6,attr_21;VARIANT;similique;;"ea quidem illum";"totam sed sit";"aliquam vero vel";
variant_group_222;attr_6,attr_34;VARIANT;esse;"voluptate maxime ut";;"accusamus aliquid quidem";;"id dolores sed"
variant_group_223;attr_34,attr_49;VARIANT;excepturi;"sit aut commodi";;;"rem sint ipsum";"excepturi et quia"
variant_group_224;attr_34,attr_64;VARIANT;voluptatem;;;"soluta accusantium qui";"nihil quaerat magni";"molestias beatae earum"
variant_group_225;attr_34,attr_96;VARIANT;quasi;"repellat vero non";"autem beatae minus";;"ut voluptas sint";
variant_group_226;attr_96,attr_21;VARIANT;ratione;"id omnis placeat";"dignissimos sint beatae";"enim illum nihil";;
variant_group_227;attr_64,attr_21;VARIANT;quis;"consequatur perferendis esse";;"ullam atque facilis";;"tempora consequatur unde"
variant_group_228;attr_64,attr_15;VARIANT;dignissimos;"consequuntur aut ullam";;;"occaecati magnam ullam";"dignissimos vero rerum"
variant_group_229;attr_21,attr_15;VARIANT;suscipit;"nisi occaecati quisquam";"voluptas tempore consequatur";;;"sit id qui"
variant_group_230;attr_34,attr_96;VARIANT;quis;;"quod doloribus quisquam";"rerum architecto autem";;"animi ipsum aut"
variant_group_231;attr_49,attr_15;VARIANT;quos;"hic sed a";"id rerum dolor";"quia non pariatur";;
variant_group_232;attr_21,attr_6;VARIANT;quia;"sit sit exercitationem";;;"ea porro et";"debitis itaque iusto"
variant_group_233;attr_64,attr_96;VARIANT;praesentium;"non accusantium sit";;"quia placeat consectetur";;"atque eos officiis"
variant_group_234;attr_15,attr_21;VARIANT;et;"unde est mollitia";;"qui quo deleniti";"qui aliquam porro";
variant_group_235;attr_15,attr_64;VARIANT;sed;"qui praesentium sed";"doloremque numquam architecto";"dolor amet aut";;
variant_group_236;attr_96,attr_49;VARIANT;voluptatibus;;"explicabo dolorem dolore";;"inventore inventore ea";"praesentium est voluptatum"
variant_group_237;attr_64,attr_6;VARIANT;omnis;"non placeat et";;;"consectetur et quia";"dignissimos sed sunt"
variant_group_238;attr_49,attr_21;VARIANT;et;"iure aut minus";"doloremque facere aperiam";"tenetur ex voluptatem";;
variant_group_239;attr_34,attr_21;VARIANT;voluptates;"debitis molestias eius";"perspiciatis doloremque sed";"aut nobis corrupti";;
variant_group_240;attr_64,attr_21;VARIANT;fugiat;"tempora eos voluptate";"animi non et";;"commodi autem amet";
variant_group_241;attr_96,attr_15;VARIANT;earum;"est sed natus";;;"provident enim omnis";"vel cum occaecati"
variant_group_242;attr_64,attr_96;VARIANT;unde;"quos nisi odit";"est odio eum";;"id sit nostrum";
variant_group_243;attr_21,attr_34;VARIANT;corporis;"est molestiae et";;"labore nesciunt illo";"et maiores sit";
variant_group_244;attr_96,attr_21;VARIANT;autem;;;"placeat qui tempore";"tempora impedit ipsum";"accusamus voluptatibus facilis"
variant_group_245;attr_64,attr_34;VARIANT;earum;"provident excepturi non";"eos ea repudiandae";;"quis voluptate quod";
variant_group_246;attr_15,attr_96;VARIANT;qui;"quae ut inventore";;;"cupiditate iure aliquam";"animi perspiciatis ea"
variant_group_247;attr_21,attr_15;VARIANT;et;;"sed nihil eligendi";"qui nesciunt optio";;"voluptas omnis quo"
variant_group_248;attr_96,attr_34;VARIANT;aut;"molestiae dolorem non";;"nulla vero quam";;"quia rerum ab"
variant_group_249;attr_6,attr_15;VARIANT;est;"sed consequatur delectus";"omnis quis aliquam";;"dolor necessitatibus qui";
variant_group_250;attr_6,attr_15;VARIANT;quia;"possimus consequatur error";;"velit odio non";;"voluptas ex velit"
variant_group_251;attr_34,attr_64;VARIANT;quia;;;"officia ratione laudantium";"sed in id";"quaerat et sit"
variant_group_252;attr_34,attr_96;VARIANT;est;"et cum nemo";"nam laborum reprehenderit";"vitae laudantium neque";;
variant_group_253;attr_21,attr_96;VARIANT;esse;"repellat excepturi ducimus";"debitis sunt quam";"quia est commodi";;
variant_group_254;attr_15,attr_96;VARIANT;dolore;"voluptas quia incidunt";;"nihil quisquam velit";"facilis reprehenderit aut";
variant_group_255;attr_21,attr_15;VARIANT;reprehenderit;"est voluptas praesentium";;;"aut omnis voluptatum";"qui dolorem corporis"
variant_group_256;attr_34,attr_6;VARIANT;aut;;"consectetur ex molestiae";;"eum dolorum et";"voluptas aut rerum"
variant_group_257;attr_34,attr_6;VARIANT;quis;"quis occaecati et";;"unde id est";;"aut maxime maiores"
variant_group_258;attr_6,attr_34;VARIANT;tempore;;"corporis dolores et";"veniam magnam eum";;"delectus eum dolor"
variant_group_259;attr_64,attr_96;VARIANT;eos;"et reprehenderit voluptas";;;"sapiente dolores et";"nihil nemo sed"
variant_group_260;attr_21,attr_34;VARIANT;culpa;;"qui sapiente adipisci";"aspernatur error nam";"aspernatur fugit ut";
variant_group_261;attr_34,attr_15;VARIANT;quasi;"repellendus voluptatibus magnam";"eos consequatur dolores";;;"quia sapiente alias"
variant_group_262;attr_21,attr_15;VARIANT;omnis;"dicta ratione odit";"in amet accusantium";"ut laudantium sed";;
variant_group_263;attr_96,attr_6;VARIANT;quia;;"distinctio quibusdam adipisci";"et odit incidunt";;"eos iusto corporis"
variant_group_264;attr_21,attr_15;VARIANT;soluta;;"expedita laudantium qui";;"aspernatur id quis";"dolorem est sit"
variant_group_265;attr_96,attr_34;VARIANT;rerum;"molestiae est ullam";"inventore temporibus quis";"quae quidem voluptatem";;
variant_group_266;attr_6,attr_49;VARIANT;aliquam;"fugit voluptatem natus";;"tempore repellat ea";;"facilis ut voluptatum"
variant_group_267;attr_49,attr_64;VARIANT;repudiandae;;"est omnis rerum";;"reiciendis quo expedita";"aut ducimus voluptatem"
variant_group_268;attr_34,attr_64;VARIANT;accusamus;"et eligendi inventore";;;"doloribus maiores quia";"aut cupiditate delectus"
variant_group_269;attr_64,attr_49;VARIANT;qui;"iste maiores et";"molestiae quod id";;;"exercitationem excepturi sint"
variant_group_270;attr_64,attr_6;VARIANT;quia;;;"eveniet earum laborum";"dolore reiciendis cupiditate";"error doloribus maiores"
variant_group_271;attr_64,attr_6;VARIANT;neque;;"voluptatem culpa voluptas";;"repellat eius praesentium";"deserunt consequuntur distinctio"
variant_group_272;attr_49,attr_6;VARIANT;dolorem;"aliquam et voluptatem";;"qui non et";;"praesentium quia excepturi"
variant_group_273;attr_96,attr_15;VARIANT;odio;;"totam ut perspiciatis";"enim qui maxime";;"ut omnis explicabo"
variant_group_274;attr_6,attr_34;VARIANT;officiis;"beatae natus placeat";"debitis occaecati harum";"nihil impedit est";;
variant_group_275;attr_96,attr_64;VARIANT;qui;"pariatur porro voluptatum";"labore voluptatem voluptatem";;"quibusdam eos nam";
variant_group_276;attr_96,attr_15;VARIANT;eligendi;;"et et nisi";;"eligendi eligendi ea";"iusto itaque iusto"
variant_group_277;attr_64,attr_34;VARIANT;porro;"sequi deleniti labore";;;"nihil quibusdam praesentium";"deleniti sunt velit"
variant_group_278;attr_6,attr_15;VARIANT;officiis;"cupiditate rerum et";"harum eius officiis";;"dolor impedit eos";
variant_group_279;attr_6,attr_64;VARIANT;quis;"eius iste aliquam";;;"et temporibus sit";"dolorem quisquam explicabo"
variant_group_280;attr_64,attr_49;VARIANT;odit;;;"rerum sunt officiis";"quia consequatur voluptatibus";"numquam omnis odio"
variant_group_281;attr_21,attr_15;VARIANT;vero;;"maiores et ut";;"deleniti delectus eaque";"voluptas repudiandae rerum"
variant_group_282;attr_15,attr_34;VARIANT;non;;"quidem molestias sunt";"magni dolorem porro";"ipsum quam dolorem";
variant_group_283;attr_64,attr_15;VARIANT;libero;"iure odio velit";"amet nulla totam";;;"qui aperiam et"
variant_group_284;attr_21,attr_49;VARIANT;est;"magnam consequatur provident";;"labore officiis aut";"eligendi atque dolores";
variant_group_285;attr_34,attr_49;VARIANT;esse;"inventore sunt autem";"adipisci dignissimos aut";;;"cumque quibusdam est"
variant_group_286;attr_49,attr_34;VARIANT;optio;;;"id quidem voluptatem";"laboriosam dolor saepe";"necessitatibus sed expedita"
variant_group_287;attr_6,attr_34;VARIANT;quae;;"impedit quia aspernatur";;"dicta animi quo";"excepturi voluptatum inventore"
variant_group_288;attr_49,attr_96;VARIANT;amet;;;"inventore nisi qui";"ut beatae esse";"alias sed voluptatibus"
variant_group_289;attr_6,attr_15;VARIANT;voluptatem;;"voluptatibus consequatur quo";"quae occaecati adipisci";"neque qui repudiandae";
variant_group_290;attr_64,attr_49;VARIANT;cupiditate;;"voluptatem ut natus";"esse voluptas minima";"dolor tenetur adipisci";
variant_group_291;attr_21,attr_34;VARIANT;occaecati;"optio voluptatem veniam";"ex quasi natus";;;"et voluptas perferendis"
variant_group_292;attr_15,attr_34;VARIANT;autem;"delectus molestiae maxime";;"dolor provident qui";"explicabo et hic";
variant_group_293;attr_49,attr_96;VARIANT;ex;"animi ut amet";;"sapiente fugiat enim";"dolore voluptas aspernatur";
variant_group_294;attr_64,attr_21;VARIANT;illo;"est numquam et";;"beatae rerum laboriosam";"in facere harum";
variant_group_295;attr_49,attr_21;VARIANT;rerum;"cumque unde eum";"ex enim et";;;"sed eum in"
variant_group_296;attr_15,attr_96;VARIANT;quis;"voluptatibus aut est";;"molestiae voluptatem voluptas";;"molestiae minima occaecati"
variant_group_297;attr_6,attr_96;VARIANT;animi;;"sit sunt et";;"est eum vel";"maxime amet dolorem"
variant_group_298;attr_64,attr_34;VARIANT;voluptatem;;"dolorem eos unde";"voluptas iusto est";;"quibusdam ducimus suscipit"
variant_group_299;attr_64,attr_6;VARIANT;libero;;"voluptatem quae velit";"ullam dolore commodi";;"et mollitia fugiat"
