code;parent;label-en_US
master;;"Master Catalog"
master_0;master;"Qui iusto delectus."
master_0_0;master_0;"Eaque vero."
master_0_0_0;master_0_0;"Maiores sapiente id."
master_0_0_1;master_0_0;"Soluta distinctio."
master_0_0_2;master_0_0;"Nisi aut cum."
master_0_0_3;master_0_0;"Recusandae quibusdam."
master_0_0_4;master_0_0;"Id animi."
master_0_0_5;master_0_0;"Doloribus autem dolorem."
master_0_0_6;master_0_0;"Non et."
master_0_1;master_0;"Eveniet ipsam."
master_0_1_0;master_0_1;"Amet dolorem aut."
master_0_1_1;master_0_1;"Eum nam."
master_0_1_2;master_0_1;"Optio qui dolor."
master_0_1_3;master_0_1;"Soluta et."
master_0_1_4;master_0_1;"Pariatur vitae voluptate."
master_0_1_5;master_0_1;"Ipsa esse."
master_0_1_6;master_0_1;"Sint et numquam."
master_0_2;master_0;"Vero autem eius."
master_0_2_0;master_0_2;"Tenetur officiis voluptas."
master_0_2_1;master_0_2;"Officiis rerum sunt."
master_0_2_2;master_0_2;"Autem illo."
master_0_2_3;master_0_2;"Aut praesentium aliquam."
master_0_2_4;master_0_2;"Corrupti delectus."
master_0_2_5;master_0_2;"Sunt minus numquam."
master_0_2_6;master_0_2;"Quaerat corporis."
master_0_3;master_0;"Distinctio facere ab."
master_0_3_0;master_0_3;"Cumque neque."
master_0_3_1;master_0_3;"Dolores minima."
master_0_3_2;master_0_3;"Voluptates voluptatem voluptatum."
master_0_3_3;master_0_3;"Nesciunt quo sequi."
master_0_3_4;master_0_3;"Cumque officiis distinctio."
master_0_3_5;master_0_3;"Eum deleniti."
master_0_3_6;master_0_3;"Assumenda quos."
master_0_4;master_0;"Omnis ratione laborum."
master_0_4_0;master_0_4;"Ipsam aut fugit."
master_0_4_1;master_0_4;"Laudantium voluptatem quidem."
master_0_4_2;master_0_4;"Libero officiis."
master_0_4_3;master_0_4;"Asperiores asperiores."
master_0_4_4;master_0_4;"Voluptatem sed."
master_0_4_5;master_0_4;"Quia quidem repudiandae."
master_0_4_6;master_0_4;"Sed distinctio."
master_0_5;master_0;"Itaque eum."
master_0_5_0;master_0_5;"Deleniti facere."
master_0_5_1;master_0_5;"Cumque rerum et."
master_0_5_2;master_0_5;"Pariatur occaecati."
master_0_5_3;master_0_5;"Eum odio."
master_0_5_4;master_0_5;"Fugiat et."
master_0_5_5;master_0_5;"Consequatur exercitationem ex."
master_0_5_6;master_0_5;"Fugiat commodi vel."
master_0_6;master_0;"Qui molestiae quibusdam."
master_0_6_0;master_0_6;"Voluptatem quibusdam qui."
master_0_6_1;master_0_6;"Voluptates quaerat."
master_0_6_2;master_0_6;"Ex consequatur unde."
master_0_6_3;master_0_6;"Non quia."
master_0_6_4;master_0_6;"Enim optio nihil."
master_0_6_5;master_0_6;"Ut culpa."
master_0_6_6;master_0_6;"Possimus culpa."
master_1;master;"Dolores sunt."
master_1_0;master_1;"Est nesciunt."
master_1_0_0;master_1_0;"Tempora id qui."
master_1_0_1;master_1_0;"Aperiam cupiditate."
master_1_0_2;master_1_0;"Non tempora qui."
master_1_0_3;master_1_0;"Nam quam eum."
master_1_0_4;master_1_0;"Itaque odio."
master_1_0_5;master_1_0;"Eos autem."
master_1_0_6;master_1_0;"Autem et."
master_1_1;master_1;"Laudantium molestiae."
master_1_1_0;master_1_1;"Beatae veritatis."
master_1_1_1;master_1_1;"Distinctio nam."
master_1_1_2;master_1_1;"Esse rerum."
master_1_1_3;master_1_1;"Rerum laborum omnis."
master_1_1_4;master_1_1;"Sunt in quia."
master_1_1_5;master_1_1;"Et hic."
master_1_1_6;master_1_1;"Cupiditate sint."
master_1_2;master_1;"Dolorum doloremque architecto."
master_1_2_0;master_1_2;"Sit earum dolorum."
master_1_2_1;master_1_2;"Velit qui."
master_1_2_2;master_1_2;"Non et rerum."
master_1_2_3;master_1_2;"Et accusantium."
master_1_2_4;master_1_2;"Eveniet qui."
master_1_2_5;master_1_2;"Consequuntur quibusdam."
master_1_2_6;master_1_2;"Soluta dolorem accusantium."
master_1_3;master_1;"Non dignissimos."
master_1_3_0;master_1_3;"Beatae ut."
master_1_3_1;master_1_3;"Et quae cumque."
master_1_3_2;master_1_3;"Repellendus architecto ut."
master_1_3_3;master_1_3;"Assumenda sit."
master_1_3_4;master_1_3;"Sequi odit."
master_1_3_5;master_1_3;"Dolore debitis."
master_1_3_6;master_1_3;"Et similique sapiente."
master_1_4;master_1;"Accusamus cumque."
master_1_4_0;master_1_4;"Fugiat velit."
master_1_4_1;master_1_4;"Ullam impedit."
master_1_4_2;master_1_4;"Deserunt non quisquam."
master_1_4_3;master_1_4;"Velit in."
master_1_4_4;master_1_4;"Architecto rerum."
master_1_4_5;master_1_4;"Sit sed nobis."
master_1_4_6;master_1_4;"Quibusdam quis perferendis."
master_1_5;master_1;"Provident sed."
master_1_5_0;master_1_5;"Dolorem iusto."
master_1_5_1;master_1_5;"In ut quo."
master_1_5_2;master_1_5;"Consectetur blanditiis reiciendis."
master_1_5_3;master_1_5;"Perspiciatis voluptates."
master_1_5_4;master_1_5;"Porro eum."
master_1_5_5;master_1_5;"Facilis eligendi."
master_1_5_6;master_1_5;"Qui amet."
master_1_6;master_1;"Sed architecto."
master_1_6_0;master_1_6;"Unde et quia."
master_1_6_1;master_1_6;"Perferendis ducimus."
master_1_6_2;master_1_6;"Laudantium illo."
master_1_6_3;master_1_6;"Assumenda nisi."
master_1_6_4;master_1_6;"Facere cumque."
master_1_6_5;master_1_6;"Ipsam ad id."
master_1_6_6;master_1_6;"Et iste omnis."
master_2;master;"Adipisci quo corporis."
master_2_0;master_2;"Voluptatem omnis sed."
master_2_0_0;master_2_0;"Dolorum corporis."
master_2_0_1;master_2_0;"Laboriosam itaque."
master_2_0_2;master_2_0;"Suscipit sed et."
master_2_0_3;master_2_0;"Impedit et."
master_2_0_4;master_2_0;"Non eius."
master_2_0_5;master_2_0;"Dolores doloribus qui."
master_2_0_6;master_2_0;"Voluptatibus libero."
master_2_1;master_2;"Voluptatem est."
master_2_1_0;master_2_1;"Ea consectetur."
master_2_1_1;master_2_1;"Corporis ut."
master_2_1_2;master_2_1;"Alias minima."
master_2_1_3;master_2_1;"Est sapiente aspernatur."
master_2_1_4;master_2_1;"Et totam."
master_2_1_5;master_2_1;"Vero saepe."
master_2_1_6;master_2_1;"Beatae aut vero."
master_2_2;master_2;"Numquam vel dolor."
master_2_2_0;master_2_2;"Necessitatibus corrupti."
master_2_2_1;master_2_2;"Quibusdam iste corrupti."
master_2_2_2;master_2_2;"Vitae est et."
master_2_2_3;master_2_2;"Magnam ut nam."
master_2_2_4;master_2_2;"Voluptates corporis atque."
master_2_2_5;master_2_2;"Ratione amet et."
master_2_2_6;master_2_2;"Consectetur quia ipsa."
master_2_3;master_2;"Voluptatem molestiae."
master_2_3_0;master_2_3;"Ipsum optio."
master_2_3_1;master_2_3;"Velit accusamus."
master_2_3_2;master_2_3;"Amet nisi beatae."
master_2_3_3;master_2_3;"Occaecati et."
master_2_3_4;master_2_3;"Quis et reiciendis."
master_2_3_5;master_2_3;"Quam qui inventore."
master_2_3_6;master_2_3;"Cumque explicabo ab."
master_2_4;master_2;"Aut et vel."
master_2_4_0;master_2_4;"Molestiae nemo."
master_2_4_1;master_2_4;"Qui reprehenderit quia."
master_2_4_2;master_2_4;"Dolorem autem accusamus."
master_2_4_3;master_2_4;"Alias alias."
master_2_4_4;master_2_4;"Earum perspiciatis voluptatem."
master_2_4_5;master_2_4;"Quasi reiciendis."
master_2_4_6;master_2_4;"Officia nulla perspiciatis."
master_2_5;master_2;"Et saepe."
master_2_5_0;master_2_5;"Vero omnis."
master_2_5_1;master_2_5;"Aspernatur porro."
master_2_5_2;master_2_5;"Quis ad animi."
master_2_5_3;master_2_5;"Sequi officiis et."
master_2_5_4;master_2_5;"Molestiae ut reprehenderit."
master_2_5_5;master_2_5;"Quae dolorem."
master_2_5_6;master_2_5;"Non ut."
master_2_6;master_2;"Ducimus consectetur exercitationem."
master_2_6_0;master_2_6;"Ea ullam laboriosam."
master_2_6_1;master_2_6;"Modi ratione laudantium."
master_2_6_2;master_2_6;"Repudiandae rerum ad."
master_2_6_3;master_2_6;"Rem non exercitationem."
master_2_6_4;master_2_6;"Dolorem officiis pariatur."
master_2_6_5;master_2_6;"Id voluptas rem."
master_2_6_6;master_2_6;"Odio sed."
master_3;master;"Voluptatem eius."
master_3_0;master_3;"Sequi ea sunt."
master_3_0_0;master_3_0;"Pariatur qui."
master_3_0_1;master_3_0;"Velit animi praesentium."
master_3_0_2;master_3_0;"Impedit qui suscipit."
master_3_0_3;master_3_0;"Quia voluptatum eos."
master_3_0_4;master_3_0;"Et necessitatibus ad."
master_3_0_5;master_3_0;"Mollitia ea occaecati."
master_3_0_6;master_3_0;"Ut laboriosam repellat."
master_3_1;master_3;"Amet et ut."
master_3_1_0;master_3_1;"Quia necessitatibus et."
master_3_1_1;master_3_1;"Rem facere ad."
master_3_1_2;master_3_1;"Quis et."
master_3_1_3;master_3_1;"Consequatur veniam."
master_3_1_4;master_3_1;"Facilis asperiores aut."
master_3_1_5;master_3_1;"Explicabo ut eaque."
master_3_1_6;master_3_1;"Sit nobis id."
master_3_2;master_3;"Et nihil."
master_3_2_0;master_3_2;"Quasi neque eligendi."
master_3_2_1;master_3_2;"Rerum et in."
master_3_2_2;master_3_2;"Vel aliquid omnis."
master_3_2_3;master_3_2;"Non atque facilis."
master_3_2_4;master_3_2;"Eum error ad."
master_3_2_5;master_3_2;"Eveniet recusandae."
master_3_2_6;master_3_2;"Repellendus saepe expedita."
master_3_3;master_3;"Deserunt a est."
master_3_3_0;master_3_3;"Voluptatem voluptatibus."
master_3_3_1;master_3_3;"Animi eius."
master_3_3_2;master_3_3;"Ad aliquam quia."
master_3_3_3;master_3_3;"Alias reprehenderit."
master_3_3_4;master_3_3;"Velit id."
master_3_3_5;master_3_3;"Qui porro."
master_3_3_6;master_3_3;"Veniam voluptas quo."
master_3_4;master_3;"Similique dolores."
master_3_4_0;master_3_4;"Aut asperiores."
master_3_4_1;master_3_4;"Quibusdam commodi tempore."
master_3_4_2;master_3_4;"Adipisci error."
master_3_4_3;master_3_4;"Veritatis quas aut."
master_3_4_4;master_3_4;"Dolorum fugit in."
master_3_4_5;master_3_4;"A occaecati laborum."
master_3_4_6;master_3_4;"Ratione culpa."
master_3_5;master_3;"Et reprehenderit."
master_3_5_0;master_3_5;"Unde temporibus expedita."
master_3_5_1;master_3_5;"Earum eum consequuntur."
master_3_5_2;master_3_5;"Ea laudantium laboriosam."
master_3_5_3;master_3_5;"Voluptas nihil eum."
master_3_5_4;master_3_5;"Ea quia."
master_3_5_5;master_3_5;"Sed ut."
master_3_5_6;master_3_5;"Qui exercitationem."
master_3_6;master_3;"Exercitationem consectetur et."
master_3_6_0;master_3_6;"Alias quis."
master_3_6_1;master_3_6;"Sunt necessitatibus."
master_3_6_2;master_3_6;"Vitae qui voluptates."
master_3_6_3;master_3_6;"Est modi aut."
master_3_6_4;master_3_6;"Fugit voluptatem."
master_3_6_5;master_3_6;"Amet amet."
master_3_6_6;master_3_6;"Ut ullam."
master_4;master;"Minima quisquam."
master_4_0;master_4;"Quos non harum."
master_4_0_0;master_4_0;"Sed ea ut."
master_4_0_1;master_4_0;"Natus modi."
master_4_0_2;master_4_0;"Quis non rerum."
master_4_0_3;master_4_0;"Eos eum cupiditate."
master_4_0_4;master_4_0;"Rem ea minus."
master_4_0_5;master_4_0;"Impedit delectus voluptates."
master_4_0_6;master_4_0;"Mollitia porro."
master_4_1;master_4;"Eos vel sed."
master_4_1_0;master_4_1;"Molestiae eum accusantium."
master_4_1_1;master_4_1;"Quia blanditiis."
master_4_1_2;master_4_1;"Eligendi nisi ut."
master_4_1_3;master_4_1;"Et voluptatem."
master_4_1_4;master_4_1;"In dolor voluptatum."
master_4_1_5;master_4_1;"Modi expedita."
master_4_1_6;master_4_1;"Et numquam sequi."
master_4_2;master_4;"Temporibus repudiandae."
master_4_2_0;master_4_2;"Eius magnam."
master_4_2_1;master_4_2;"Doloribus alias."
master_4_2_2;master_4_2;"Qui dignissimos quo."
master_4_2_3;master_4_2;"Error animi repellat."
master_4_2_4;master_4_2;"Omnis debitis non."
master_4_2_5;master_4_2;"Non totam."
master_4_2_6;master_4_2;"Odio dolor."
master_4_3;master_4;"Qui soluta molestiae."
master_4_3_0;master_4_3;"Omnis officia voluptas."
master_4_3_1;master_4_3;"Illo vel natus."
master_4_3_2;master_4_3;"Maxime qui similique."
master_4_3_3;master_4_3;"Vel dignissimos."
master_4_3_4;master_4_3;"Corrupti eos exercitationem."
master_4_3_5;master_4_3;"Eum aut."
master_4_3_6;master_4_3;"Quia aut quidem."
master_4_4;master_4;"Nisi expedita nisi."
master_4_4_0;master_4_4;"Quis laborum dolores."
master_4_4_1;master_4_4;"Molestiae quisquam temporibus."
master_4_4_2;master_4_4;"Architecto sit illum."
master_4_4_3;master_4_4;"Cumque in."
master_4_4_4;master_4_4;"Quia harum."
master_4_4_5;master_4_4;"Dignissimos numquam."
master_4_4_6;master_4_4;"Nihil consequatur consectetur."
master_4_5;master_4;"Et molestiae."
master_4_5_0;master_4_5;"Excepturi architecto."
master_4_5_1;master_4_5;"Perspiciatis consequatur saepe."
master_4_5_2;master_4_5;"Optio hic eligendi."
master_4_5_3;master_4_5;"Consectetur aut."
master_4_5_4;master_4_5;"Officiis libero."
master_4_5_5;master_4_5;"Odio asperiores ratione."
master_4_5_6;master_4_5;"Assumenda et magni."
master_4_6;master_4;"Consequatur qui."
master_4_6_0;master_4_6;"Aut voluptatem mollitia."
master_4_6_1;master_4_6;"Est quo eaque."
master_4_6_2;master_4_6;"Placeat delectus quis."
master_4_6_3;master_4_6;"Sint voluptatem."
master_4_6_4;master_4_6;"Temporibus impedit deleniti."
master_4_6_5;master_4_6;"Molestiae sapiente facilis."
master_4_6_6;master_4_6;"Quibusdam rerum."
master_5;master;"Aut officiis enim."
master_5_0;master_5;"Et id."
master_5_0_0;master_5_0;"Excepturi omnis."
master_5_0_1;master_5_0;"Itaque rerum."
master_5_0_2;master_5_0;"Occaecati ut voluptatem."
master_5_0_3;master_5_0;"Voluptatem sunt quam."
master_5_0_4;master_5_0;"Omnis facere repudiandae."
master_5_0_5;master_5_0;"Qui illum."
master_5_0_6;master_5_0;"Nihil accusamus odit."
master_5_1;master_5;"Ratione aspernatur."
master_5_1_0;master_5_1;"Distinctio nihil."
master_5_1_1;master_5_1;"Voluptatum delectus."
master_5_1_2;master_5_1;"Eius voluptatum explicabo."
master_5_1_3;master_5_1;"Praesentium tenetur quae."
master_5_1_4;master_5_1;"Voluptas facilis quam."
master_5_1_5;master_5_1;"Sequi tempore quas."
master_5_1_6;master_5_1;"Sunt natus eos."
master_5_2;master_5;"Enim rerum facilis."
master_5_2_0;master_5_2;"Quis veniam."
master_5_2_1;master_5_2;"In consequuntur."
master_5_2_2;master_5_2;"Fugiat eum nisi."
master_5_2_3;master_5_2;"Sint sunt doloremque."
master_5_2_4;master_5_2;"A corporis."
master_5_2_5;master_5_2;"Molestias rem."
master_5_2_6;master_5_2;"Corporis explicabo."
master_5_3;master_5;"Enim cumque."
master_5_3_0;master_5_3;"Et ab."
master_5_3_1;master_5_3;"Soluta temporibus."
master_5_3_2;master_5_3;"Placeat aut ipsam."
master_5_3_3;master_5_3;"Sit possimus et."
master_5_3_4;master_5_3;"Quae laudantium eum."
master_5_3_5;master_5_3;"Fuga nihil iure."
master_5_3_6;master_5_3;"Omnis consequatur."
master_5_4;master_5;"Molestias labore necessitatibus."
master_5_4_0;master_5_4;"Ut quibusdam consectetur."
master_5_4_1;master_5_4;"Eveniet neque."
master_5_4_2;master_5_4;"Quia aliquam id."
master_5_4_3;master_5_4;"Sapiente minima."
master_5_4_4;master_5_4;"Ad minus."
master_5_4_5;master_5_4;"Saepe eaque."
master_5_4_6;master_5_4;"Debitis quisquam quasi."
master_5_5;master_5;"Repellat architecto."
master_5_5_0;master_5_5;"Consequatur voluptate qui."
master_5_5_1;master_5_5;"Fuga possimus dignissimos."
master_5_5_2;master_5_5;"Totam sed."
master_5_5_3;master_5_5;"Magnam sequi voluptatem."
master_5_5_4;master_5_5;"Consequatur magnam."
master_5_5_5;master_5_5;"Voluptas id sit."
master_5_5_6;master_5_5;"Sapiente reprehenderit."
master_5_6;master_5;"Officiis voluptatem."
master_5_6_0;master_5_6;"Vitae velit."
master_5_6_1;master_5_6;"Unde at."
master_5_6_2;master_5_6;"Corrupti molestiae et."
master_5_6_3;master_5_6;"Eos quam facilis."
master_5_6_4;master_5_6;"Voluptate consequatur magni."
master_5_6_5;master_5_6;"Voluptatem pariatur voluptatem."
master_5_6_6;master_5_6;"Vero eius."
master_6;master;"Iusto sed neque."
master_6_0;master_6;"Similique non omnis."
master_6_0_0;master_6_0;"Repellendus autem corrupti."
master_6_0_1;master_6_0;"Labore commodi."
master_6_0_2;master_6_0;"Beatae est."
master_6_0_3;master_6_0;"Provident magnam."
master_6_0_4;master_6_0;"Doloremque ea commodi."
master_6_0_5;master_6_0;"Et non et."
master_6_0_6;master_6_0;"Et magnam aut."
master_6_1;master_6;"Quasi sit."
master_6_1_0;master_6_1;"Sint dolor excepturi."
master_6_1_1;master_6_1;"Et nesciunt veritatis."
master_6_1_2;master_6_1;"Non dolorum ipsam."
master_6_1_3;master_6_1;"Ullam aut."
master_6_1_4;master_6_1;"Laboriosam animi."
master_6_1_5;master_6_1;"Et ut."
master_6_1_6;master_6_1;"Totam aut."
master_6_2;master_6;"Molestiae non corrupti."
master_6_2_0;master_6_2;"Recusandae possimus."
master_6_2_1;master_6_2;"Incidunt ad magni."
master_6_2_2;master_6_2;"Quaerat numquam nobis."
master_6_2_3;master_6_2;"Et labore aspernatur."
master_6_2_4;master_6_2;"Qui temporibus."
master_6_2_5;master_6_2;"Omnis quo."
master_6_2_6;master_6_2;"Sint officia similique."
master_6_3;master_6;"Harum molestias."
master_6_3_0;master_6_3;"Iste autem."
master_6_3_1;master_6_3;"Similique culpa."
master_6_3_2;master_6_3;"Totam repellendus."
master_6_3_3;master_6_3;"Quia sed."
master_6_3_4;master_6_3;"Rerum repellat."
master_6_3_5;master_6_3;"Ullam est."
master_6_3_6;master_6_3;"Quas deleniti."
master_6_4;master_6;"Et odit."
master_6_4_0;master_6_4;"Neque quos eveniet."
master_6_4_1;master_6_4;"Minima quisquam ut."
master_6_4_2;master_6_4;"Eos eveniet qui."
master_6_4_3;master_6_4;"Esse ratione."
master_6_4_4;master_6_4;"Commodi nisi voluptatibus."
master_6_4_5;master_6_4;"Tenetur aut."
master_6_4_6;master_6_4;"Molestias in."
master_6_5;master_6;"Et unde."
master_6_5_0;master_6_5;"Eos ipsa possimus."
master_6_5_1;master_6_5;"Quia temporibus."
master_6_5_2;master_6_5;"Voluptas expedita."
master_6_5_3;master_6_5;"Consequatur totam."
master_6_5_4;master_6_5;"Non et."
master_6_5_5;master_6_5;"Accusantium expedita."
master_6_5_6;master_6_5;"Dicta dolores."
master_6_6;master_6;"Quis aut."
master_6_6_0;master_6_6;"Molestiae a et."
master_6_6_1;master_6_6;"Consequatur ipsam."
master_6_6_2;master_6_6;"Voluptatem maxime."
master_6_6_3;master_6_6;"Ipsum ea."
master_6_6_4;master_6_6;"Occaecati est."
master_6_6_5;master_6_6;"Quaerat dolorem nihil."
master_6_6_6;master_6_6;"Ut ut qui."
