code;label-fr_FR;label-en_US;label-de_DE;label-ru_RU;attribute_as_label;attributes;requirements-ecommerce;requirements-print;requirements-mobile;requirements-pos
fam_0;"Sed perferendis.";"Eum recusandae.";"Rerum adipisci est.";"Est voluptatem.";name;sku,name,attr_77,attr_129,attr_73,attr_204,attr_19,attr_113,attr_248,attr_125,attr_139,attr_42,attr_147,attr_189,attr_80,attr_100,attr_122,attr_166,attr_210,attr_25,attr_233,attr_195,attr_157,attr_82,attr_72,attr_79,attr_75,attr_161,attr_8,attr_236,attr_78,attr_244,attr_4,attr_5,attr_118,attr_98,attr_186,attr_149,attr_45,attr_142,attr_167;sku,attr_204,attr_75,attr_149,attr_79;sku,attr_72,attr_4,attr_42,attr_75;sku,sku,attr_161,attr_78,attr_157;sku,attr_244,attr_142,attr_248,name
fam_1;"Magni earum numquam.";"Ad aliquam est.";"Earum illum.";"Et eaque voluptate.";name;sku,name,attr_241,attr_173,attr_15,attr_42,attr_56,attr_77,attr_163,attr_224,attr_38,attr_112,attr_119,attr_168,attr_202,attr_222,attr_177,attr_179,attr_33,attr_160,attr_57,attr_166,attr_106,attr_35,attr_98,attr_240,attr_167,attr_147,attr_221,attr_141,attr_9,attr_97,attr_36,attr_178,attr_245,attr_210,attr_21,attr_180,attr_172,attr_225,attr_110;sku,attr_225,attr_180,attr_141,sku;sku,attr_98,attr_177,attr_245,attr_56;sku,sku,attr_222,attr_221,attr_77;sku,attr_180,attr_177,attr_147,attr_221
fam_2;"Iusto est.";"Ex sapiente omnis.";"Earum voluptatem rerum.";"Quae vero beatae.";name;sku,name,attr_53,attr_19,attr_138,attr_128,attr_171,attr_126,attr_5,attr_81,attr_57,attr_98,attr_30,attr_143,attr_201,attr_223,attr_117,attr_40,attr_180,attr_75,attr_37,attr_191,attr_48,attr_118,attr_176,attr_64,attr_147,attr_141,attr_10,attr_182,attr_131,attr_119,attr_42,attr_59,attr_146,attr_123,attr_241,attr_200,attr_207,attr_148,attr_199;sku,name,attr_207,attr_200,attr_199;sku,attr_147,name,attr_180,attr_118;sku,attr_30,attr_128,attr_147,attr_131;sku,attr_131,attr_207,attr_147,attr_48
fam_3;"Qui ut aut.";"Est esse est.";"Maxime ad id.";"In similique nesciunt.";name;sku,name,attr_88,attr_220,attr_84,attr_112,attr_70,attr_90,attr_58,attr_53,attr_28,attr_13,attr_183,attr_111,attr_138,attr_233,attr_141,attr_131,attr_68,attr_179,attr_127,attr_204,attr_219,attr_214,attr_104,attr_135,attr_4,attr_140,attr_215,attr_172,attr_235,attr_242,attr_49,attr_110,attr_44,attr_168,attr_65,attr_181,attr_188,attr_32,attr_2;sku,attr_204,attr_168,attr_181,attr_242;sku,attr_215,attr_235,attr_53,attr_28;sku,attr_204,sku,attr_141,attr_13;sku,attr_140,attr_49,attr_44,attr_131
fam_4;"Repellat dolore.";"Nemo sed.";"Atque tempore adipisci.";"Et neque.";name;sku,name,attr_49,attr_73,attr_113,attr_137,attr_10,attr_170,attr_70,attr_224,attr_104,attr_8,attr_114,attr_22,attr_79,attr_7,attr_46,attr_218,attr_141,attr_87,attr_55,attr_99,attr_238,attr_127,attr_223,attr_151,attr_236,attr_27,attr_43,attr_140,attr_82,attr_159,attr_164,attr_161,attr_249,attr_35,attr_12,attr_0,attr_61,attr_101,attr_198;sku,attr_236,attr_79,name,attr_127;sku,sku,attr_27,attr_43,attr_170;sku,attr_104,attr_218,attr_55,attr_159;sku,attr_35,attr_73,attr_87,attr_10
fam_5;"Officiis voluptas ut.";"Quod earum.";"Quo aut.";"Qui nobis necessitatibus.";name;sku,name,attr_18,attr_86,attr_93,attr_213,attr_152,attr_102,attr_140,attr_147,attr_79,attr_47,attr_49,attr_196,attr_220,attr_97,attr_186,attr_85,attr_12,attr_129,attr_6,attr_52,attr_106,attr_113,attr_185,attr_8,attr_158,attr_75,attr_87,attr_122,attr_53,attr_154,attr_118,attr_105,attr_168,attr_134,attr_81,attr_135,attr_136,attr_61,attr_40;sku,attr_53,attr_147,attr_186,attr_140;sku,attr_93,attr_140,attr_81,attr_186;sku,attr_220,attr_8,attr_61,attr_93;sku,attr_12,attr_140,attr_87,attr_8
fam_6;"Nobis veniam.";"Eos non repellendus.";"Voluptatem est veniam.";"Et consequatur.";name;sku,name,attr_114,attr_212,attr_25,attr_36,attr_206,attr_199,attr_64,attr_17,attr_95,attr_172,attr_125,attr_119,attr_67,attr_2,attr_60,attr_197,attr_51,attr_157,attr_71,attr_46,attr_7,attr_86,attr_244,attr_13,attr_81,attr_183,attr_138,attr_28,attr_116,attr_159,attr_78,attr_120,attr_26,attr_222,attr_148,attr_149,attr_70,attr_49,attr_22;sku,attr_78,attr_120,attr_22,attr_64;sku,attr_212,attr_13,attr_206,attr_28;sku,attr_26,attr_67,attr_28,attr_157;sku,attr_95,attr_244,attr_26,attr_28
fam_7;"Voluptatem autem.";"Laborum voluptatem aut.";"Inventore culpa.";"Ea rem.";name;sku,name,attr_161,attr_76,attr_11,attr_219,attr_82,attr_169,attr_240,attr_89,attr_18,attr_95,attr_25,attr_97,attr_101,attr_238,attr_17,attr_145,attr_6,attr_75,attr_24,attr_110,attr_205,attr_171,attr_20,attr_27,attr_165,attr_119,attr_230,attr_204,attr_116,attr_86,attr_242,attr_225,attr_246,attr_166,attr_103,attr_92,attr_157,attr_80,attr_55;sku,attr_116,attr_157,attr_205,attr_17;sku,attr_75,attr_17,attr_145,attr_97;sku,sku,attr_95,attr_116,attr_86;sku,attr_17,attr_157,attr_82,attr_76
fam_8;"Et non at.";"Ea ut.";"Velit mollitia qui.";"Velit sed cupiditate.";name;sku,name,attr_243,attr_154,attr_92,attr_130,attr_70,attr_83,attr_85,attr_98,attr_228,attr_165,attr_155,attr_197,attr_63,attr_93,attr_158,attr_153,attr_152,attr_50,attr_122,attr_100,attr_238,attr_160,attr_111,attr_151,attr_180,attr_232,attr_110,attr_9,attr_10,attr_113,attr_108,attr_101,attr_220,attr_16,attr_191,attr_204,attr_240,attr_126,attr_163;sku,attr_158,attr_197,attr_238,attr_100;sku,attr_50,attr_158,attr_126,attr_220;sku,attr_85,attr_16,attr_98,attr_191;sku,attr_197,attr_63,attr_180,attr_70
fam_9;"Assumenda saepe laudantium.";"Et accusamus sunt.";"Voluptate deserunt alias.";"Iste eum.";name;sku,name,attr_206,attr_192,attr_162,attr_179,attr_215,attr_19,attr_42,attr_230,attr_233,attr_67,attr_172,attr_66,attr_86,attr_136,attr_35,attr_46,attr_199,attr_1,attr_89,attr_130,attr_175,attr_169,attr_177,attr_129,attr_132,attr_127,attr_12,attr_73,attr_165,attr_163,attr_108,attr_214,attr_117,attr_9,attr_116,attr_167,attr_33,attr_150,attr_68;sku,attr_199,attr_130,attr_67,attr_35;sku,attr_206,attr_66,attr_89,attr_163;sku,attr_86,attr_108,attr_230,attr_35;sku,attr_68,name,attr_129,attr_86
fam_10;"Eligendi est.";"Ut quos.";"Aut dolorem consequatur.";"Sit eveniet.";name;sku,name,attr_66,attr_219,attr_152,attr_146,attr_39,attr_190,attr_185,attr_137,attr_93,attr_171,attr_144,attr_85,attr_168,attr_50,attr_41,attr_143,attr_222,attr_10,attr_18,attr_230,attr_129,attr_94,attr_148,attr_43,attr_86,attr_179,attr_182,attr_48,attr_62,attr_167,attr_5,attr_12,attr_226,attr_156,attr_194,attr_233,attr_192,attr_187,attr_30;sku,sku,attr_222,attr_93,attr_50;sku,attr_12,attr_168,attr_10,attr_152;sku,attr_85,attr_5,attr_18,attr_137;sku,attr_219,attr_39,attr_86,attr_50
fam_11;"Vel rem.";"Soluta dignissimos sit.";"Ab aliquid.";"Totam et dolorem.";name;sku,name,attr_46,attr_34,attr_218,attr_118,attr_221,attr_244,attr_192,attr_175,attr_43,attr_241,attr_66,attr_106,attr_20,attr_181,attr_65,attr_171,attr_75,attr_156,attr_194,attr_147,attr_63,attr_22,attr_182,attr_151,attr_10,attr_125,attr_135,attr_23,attr_11,attr_153,attr_50,attr_230,attr_138,attr_102,attr_141,attr_55,attr_240,attr_186,attr_146;sku,attr_218,attr_240,attr_244,attr_182;sku,attr_55,attr_186,attr_75,name;sku,attr_192,attr_194,attr_106,attr_156;sku,attr_218,attr_66,attr_135,name
fam_12;"Deleniti aliquam aut.";"Aut alias nisi.";"Nisi dolore fugiat.";"Distinctio magnam.";name;sku,name,attr_54,attr_0,attr_189,attr_5,attr_12,attr_40,attr_49,attr_110,attr_229,attr_160,attr_204,attr_198,attr_19,attr_197,attr_217,attr_239,attr_115,attr_181,attr_48,attr_235,attr_81,attr_114,attr_7,attr_131,attr_32,attr_177,attr_26,attr_236,attr_45,attr_190,attr_192,attr_59,attr_243,attr_152,attr_172,attr_106,attr_208,attr_85,attr_37;sku,name,attr_37,attr_204,attr_181;sku,attr_235,attr_81,attr_54,attr_37;sku,attr_106,attr_32,attr_229,attr_49;sku,attr_235,attr_236,attr_190,attr_85
fam_13;"Est aut.";"Minima et odio.";"Repudiandae excepturi distinctio.";"Veniam ea.";name;sku,name,attr_208,attr_226,attr_187,attr_242,attr_213,attr_154,attr_10,attr_16,attr_112,attr_185,attr_103,attr_201,attr_170,attr_193,attr_122,attr_247,attr_65,attr_143,attr_26,attr_224,attr_177,attr_171,attr_144,attr_245,attr_190,attr_110,attr_124,attr_167,attr_151,attr_19,attr_237,attr_101,attr_70,attr_53,attr_156,attr_60,attr_173,attr_235,attr_107;sku,attr_224,attr_226,attr_65,attr_177;sku,attr_193,attr_247,attr_124,attr_156;sku,attr_226,attr_103,attr_224,attr_16;sku,attr_156,attr_226,attr_242,attr_154
fam_14;"Alias hic.";"Dolor quod quae.";"Dolorum ut.";"Ducimus suscipit.";name;sku,name,attr_185,attr_123,attr_189,attr_224,attr_106,attr_169,attr_27,attr_33,attr_108,attr_74,attr_227,attr_202,attr_216,attr_235,attr_112,attr_186,attr_65,attr_133,attr_122,attr_49,attr_179,attr_198,attr_137,attr_18,attr_127,attr_177,attr_232,attr_183,attr_53,attr_163,attr_111,attr_230,attr_246,attr_188,attr_58,attr_130,attr_79,attr_160,attr_131;sku,attr_106,attr_53,attr_131,attr_65;sku,name,attr_106,attr_18,attr_185;sku,attr_160,attr_185,attr_235,attr_163;sku,attr_133,attr_163,attr_185,attr_169
fam_15;"Quis quis quam.";"Aut laboriosam.";"Similique in.";"Et ex.";name;sku,name,attr_241,attr_91,attr_105,attr_131,attr_209,attr_50,attr_226,attr_128,attr_202,attr_239,attr_108,attr_244,attr_139,attr_94,attr_62,attr_195,attr_243,attr_100,attr_167,attr_107,attr_170,attr_3,attr_126,attr_204,attr_30,attr_71,attr_141,attr_160,attr_214,attr_136,attr_159,attr_78,attr_11,attr_227,attr_172,attr_1,attr_212,attr_166,attr_231;sku,attr_105,attr_128,name,attr_100;sku,attr_209,attr_204,attr_30,attr_78;sku,attr_131,attr_227,attr_78,attr_71;sku,attr_128,attr_212,attr_94,sku
fam_16;"Assumenda iste.";"Et et.";"Dignissimos ea.";"Harum dolorum.";name;sku,name,attr_108,attr_114,attr_148,attr_82,attr_59,attr_131,attr_80,attr_212,attr_57,attr_208,attr_127,attr_78,attr_198,attr_222,attr_202,attr_18,attr_242,attr_155,attr_48,attr_201,attr_224,attr_81,attr_109,attr_215,attr_29,attr_1,attr_83,attr_33,attr_137,attr_188,attr_139,attr_240,attr_145,attr_167,attr_41,attr_205,attr_99,attr_56,attr_37;sku,attr_188,attr_208,attr_37,attr_137;sku,attr_57,sku,attr_212,attr_99;sku,attr_108,attr_78,attr_41,attr_37;sku,sku,attr_215,attr_131,attr_82
fam_17;"Eveniet ex ad.";"Aut officia sapiente.";"Velit repellendus voluptas.";"Asperiores unde eos.";name;sku,name,attr_245,attr_111,attr_216,attr_49,attr_1,attr_46,attr_58,attr_30,attr_6,attr_25,attr_218,attr_52,attr_62,attr_64,attr_233,attr_188,attr_15,attr_224,attr_181,attr_74,attr_232,attr_61,attr_48,attr_152,attr_207,attr_11,attr_110,attr_63,attr_56,attr_225,attr_21,attr_138,attr_169,attr_147,attr_106,attr_57,attr_234,attr_195,attr_19;sku,attr_195,attr_169,attr_207,attr_232;sku,sku,attr_188,attr_106,attr_64;sku,sku,attr_181,attr_58,attr_245;sku,attr_21,attr_30,attr_195,attr_64
fam_18;"Possimus pariatur.";"Maiores et possimus.";"Dolor a.";"Et quo minima.";name;sku,name,attr_2,attr_79,attr_15,attr_48,attr_183,attr_28,attr_234,attr_126,attr_100,attr_109,attr_141,attr_235,attr_186,attr_29,attr_247,attr_218,attr_66,attr_49,attr_70,attr_217,attr_14,attr_184,attr_215,attr_86,attr_26,attr_19,attr_214,attr_85,attr_228,attr_161,attr_104,attr_5,attr_89,attr_76,attr_63,attr_121,attr_231,attr_74,attr_40;sku,attr_28,attr_48,sku,attr_15;sku,attr_100,attr_183,attr_218,attr_28;sku,attr_234,attr_48,attr_63,attr_183;sku,attr_85,attr_5,attr_66,sku
fam_19;"Quam placeat.";"Repellat recusandae ad.";"Ut nam fugit.";"Minus commodi.";name;sku,name,attr_49,attr_31,attr_82,attr_59,attr_134,attr_84,attr_226,attr_200,attr_34,attr_73,attr_19,attr_98,attr_115,attr_218,attr_3,attr_145,attr_235,attr_196,attr_163,attr_148,attr_194,attr_230,attr_158,attr_120,attr_198,attr_13,attr_113,attr_50,attr_104,attr_14,attr_161,attr_240,attr_247,attr_231,attr_211,attr_147,attr_124,attr_36,attr_5;sku,attr_247,attr_163,attr_145,attr_5;sku,attr_235,attr_147,sku,attr_120;sku,attr_84,attr_198,attr_98,sku;sku,attr_226,attr_113,attr_98,attr_13
fam_20;"Explicabo veritatis similique.";"Soluta iure.";"Facere vitae.";"Sit qui sed.";name;sku,name,attr_101,attr_23,attr_138,attr_42,attr_31,attr_170,attr_66,attr_118,attr_229,attr_209,attr_198,attr_234,attr_222,attr_52,attr_102,attr_91,attr_236,attr_37,attr_157,attr_59,attr_199,attr_72,attr_212,attr_206,attr_89,attr_58,attr_233,attr_50,attr_61,attr_63,attr_9,attr_6,attr_175,attr_92,attr_133,attr_137,attr_35,attr_34,attr_41;sku,attr_175,attr_170,attr_234,attr_41;sku,attr_34,attr_157,attr_61,attr_206;sku,name,attr_58,attr_72,attr_198;sku,attr_31,attr_42,attr_137,attr_91
fam_21;"Ut alias.";"Ipsam in.";"Quis tenetur quae.";"Eaque non repudiandae.";name;sku,name,attr_64,attr_81,attr_116,attr_158,attr_213,attr_45,attr_42,attr_17,attr_131,attr_93,attr_118,attr_129,attr_226,attr_165,attr_227,attr_220,attr_0,attr_83,attr_20,attr_56,attr_15,attr_74,attr_156,attr_33,attr_6,attr_85,attr_154,attr_240,attr_122,attr_86,attr_207,attr_84,attr_182,attr_184,attr_191,attr_141,attr_192,attr_137,attr_160;sku,attr_116,attr_131,attr_220,attr_141;sku,attr_15,attr_227,attr_84,attr_20;sku,attr_20,attr_156,attr_93,attr_154;sku,attr_64,attr_227,attr_45,attr_17
fam_22;"Ipsa et.";"Sunt quia unde.";"In tempora delectus.";"Dolore aut quam.";name;sku,name,attr_131,attr_118,attr_56,attr_127,attr_175,attr_181,attr_132,attr_43,attr_245,attr_75,attr_38,attr_198,attr_164,attr_45,attr_138,attr_152,attr_146,attr_133,attr_52,attr_2,attr_221,attr_100,attr_83,attr_104,attr_23,attr_206,attr_6,attr_215,attr_112,attr_84,attr_24,attr_154,attr_203,attr_65,attr_107,attr_81,attr_218,attr_35,attr_49;sku,attr_152,attr_65,attr_100,attr_181;sku,attr_2,attr_35,attr_83,attr_104;sku,attr_118,attr_100,attr_127,attr_132;sku,attr_84,attr_215,attr_45,attr_83
fam_23;"Ex autem ipsam.";"Et distinctio id.";"Deserunt sit.";"Quia optio est.";name;sku,name,attr_23,attr_10,attr_102,attr_207,attr_39,attr_215,attr_27,attr_103,attr_6,attr_235,attr_148,attr_50,attr_107,attr_84,attr_191,attr_168,attr_110,attr_206,attr_143,attr_13,attr_119,attr_88,attr_146,attr_98,attr_187,attr_195,attr_214,attr_194,attr_130,attr_86,attr_60,attr_32,attr_185,attr_87,attr_90,attr_221,attr_145,attr_44,attr_152;sku,attr_215,name,attr_185,attr_87;sku,attr_235,attr_143,attr_130,attr_60;sku,attr_50,attr_206,attr_168,attr_10;sku,attr_168,sku,attr_86,attr_235
fam_24;"Quasi molestiae quia.";"Adipisci odit.";"Omnis quas.";"Omnis corrupti deserunt.";name;sku,name,attr_36,attr_204,attr_24,attr_120,attr_58,attr_64,attr_98,attr_229,attr_221,attr_123,attr_28,attr_122,attr_231,attr_243,attr_186,attr_89,attr_210,attr_211,attr_69,attr_141,attr_87,attr_149,attr_50,attr_174,attr_124,attr_239,attr_167,attr_114,attr_154,attr_121,attr_242,attr_245,attr_159,attr_92,attr_72,attr_23,attr_178,attr_119,attr_60;sku,attr_211,attr_98,attr_204,attr_159;sku,attr_50,attr_231,attr_245,attr_36;sku,attr_149,attr_64,attr_174,attr_87;sku,attr_120,attr_141,attr_174,attr_245
fam_25;"Architecto molestiae est.";"Quo et.";"Occaecati sit.";"Velit quia.";name;sku,name,attr_146,attr_51,attr_77,attr_181,attr_188,attr_223,attr_218,attr_107,attr_191,attr_151,attr_104,attr_2,attr_95,attr_18,attr_162,attr_39,attr_80,attr_9,attr_131,attr_112,attr_136,attr_185,attr_237,attr_34,attr_31,attr_120,attr_64,attr_222,attr_28,attr_40,attr_124,attr_76,attr_204,attr_38,attr_52,attr_16,attr_115,attr_247,attr_75;sku,attr_28,attr_146,sku,attr_120;sku,attr_39,attr_75,attr_146,attr_218;sku,attr_34,attr_223,attr_28,attr_146;sku,attr_115,sku,attr_131,attr_95
fam_26;"Maiores velit.";"Officia exercitationem porro.";"Est ea sequi.";"Omnis quidem.";name;sku,name,attr_232,attr_34,attr_203,attr_207,attr_169,attr_55,attr_179,attr_149,attr_108,attr_213,attr_241,attr_35,attr_26,attr_95,attr_137,attr_118,attr_101,attr_130,attr_227,attr_126,attr_242,attr_206,attr_229,attr_230,attr_32,attr_75,attr_37,attr_49,attr_85,attr_238,attr_239,attr_193,attr_201,attr_233,attr_188,attr_9,attr_19,attr_202,attr_178;sku,name,attr_230,attr_75,attr_118;sku,attr_26,attr_242,attr_241,sku;sku,attr_137,attr_32,attr_95,name;sku,attr_35,attr_206,attr_169,attr_193
fam_27;"Repellat debitis.";"Modi laudantium.";"Sint qui officiis.";"Et doloribus et.";name;sku,name,attr_173,attr_60,attr_76,attr_152,attr_240,attr_168,attr_59,attr_100,attr_33,attr_71,attr_58,attr_130,attr_149,attr_239,attr_8,attr_51,attr_1,attr_81,attr_126,attr_113,attr_18,attr_107,attr_13,attr_133,attr_79,attr_31,attr_150,attr_195,attr_20,attr_203,attr_178,attr_109,attr_245,attr_179,attr_232,attr_93,attr_39,attr_83,attr_148;sku,attr_152,attr_113,attr_31,attr_240;sku,attr_18,attr_76,attr_133,attr_60;sku,attr_100,attr_232,attr_245,attr_107;sku,attr_149,name,attr_60,attr_240
fam_28;"Neque quo.";"Pariatur nobis ullam.";"Veritatis repellendus.";"Mollitia repudiandae minus.";name;sku,name,attr_235,attr_93,attr_35,attr_28,attr_111,attr_148,attr_67,attr_240,attr_225,attr_52,attr_208,attr_113,attr_19,attr_37,attr_4,attr_245,attr_200,attr_242,attr_203,attr_219,attr_140,attr_87,attr_164,attr_183,attr_227,attr_60,attr_11,attr_91,attr_26,attr_145,attr_146,attr_166,attr_68,attr_160,attr_96,attr_123,attr_135,attr_125,attr_128;sku,attr_225,attr_26,name,attr_113;sku,attr_160,attr_60,attr_164,attr_35;sku,attr_160,attr_235,attr_208,attr_35;sku,attr_67,attr_87,attr_242,attr_52
fam_29;"Voluptatem aut.";"Sit sit.";"Eos voluptas harum.";"Minus minima id.";name;sku,name,attr_73,attr_138,attr_239,attr_14,attr_72,attr_1,attr_116,attr_164,attr_243,attr_146,attr_231,attr_158,attr_187,attr_177,attr_180,attr_6,attr_109,attr_217,attr_62,attr_188,attr_202,attr_204,attr_31,attr_173,attr_172,attr_153,attr_83,attr_23,attr_143,attr_238,attr_192,attr_12,attr_174,attr_149,attr_92,attr_195,attr_64,attr_101,attr_156;sku,attr_31,attr_116,attr_149,attr_231;sku,attr_146,attr_158,attr_116,attr_231;sku,attr_192,attr_153,attr_149,attr_187;sku,attr_158,attr_92,attr_192,attr_116
fam_30;"Fuga optio.";"Temporibus expedita asperiores.";"Est sapiente.";"Laborum sed dolor.";name;sku,name,attr_10,attr_15,attr_90,attr_140,attr_103,attr_218,attr_238,attr_210,attr_27,attr_21,attr_69,attr_221,attr_88,attr_176,attr_139,attr_29,attr_53,attr_189,attr_32,attr_64,attr_231,attr_5,attr_85,attr_75,attr_159,attr_149,attr_244,attr_92,attr_20,attr_211,attr_45,attr_125,attr_141,attr_132,attr_26,attr_243,attr_119,attr_246,attr_209;sku,attr_140,attr_218,attr_85,attr_20;sku,attr_209,attr_45,attr_140,name;sku,attr_75,attr_231,attr_141,attr_159;sku,attr_26,attr_125,attr_10,attr_211
fam_31;"Maxime fugit et.";"Fugit optio id.";"Aut in aut.";"Recusandae optio.";name;sku,name,attr_91,attr_248,attr_175,attr_50,attr_148,attr_139,attr_190,attr_113,attr_90,attr_61,attr_101,attr_186,attr_163,attr_242,attr_49,attr_55,attr_225,attr_119,attr_35,attr_212,attr_146,attr_29,attr_158,attr_79,attr_115,attr_220,attr_46,attr_131,attr_40,attr_16,attr_202,attr_221,attr_118,attr_31,attr_77,attr_83,attr_239,attr_117,attr_106;sku,attr_158,attr_220,attr_106,attr_90;sku,attr_79,attr_190,attr_55,attr_175;sku,attr_91,attr_50,attr_225,name;sku,attr_131,attr_242,attr_220,attr_106
fam_32;"Sit deleniti a.";"Nesciunt qui.";"Saepe qui.";"Voluptas eum animi.";name;sku,name,attr_208,attr_64,attr_249,attr_134,attr_244,attr_45,attr_137,attr_76,attr_186,attr_171,attr_142,attr_154,attr_4,attr_117,attr_42,attr_97,attr_168,attr_239,attr_198,attr_194,attr_32,attr_150,attr_51,attr_38,attr_248,attr_47,attr_214,attr_189,attr_86,attr_227,attr_112,attr_140,attr_88,attr_24,attr_153,attr_175,attr_33,attr_70,attr_16;sku,name,attr_227,attr_4,attr_154;sku,attr_76,attr_153,sku,attr_154;sku,attr_186,attr_244,attr_168,attr_42;sku,attr_76,attr_137,attr_194,attr_227
fam_33;"Consequatur impedit.";"Sit quia ducimus.";"Eum atque doloremque.";"Unde consequatur.";name;sku,name,attr_130,attr_162,attr_38,attr_203,attr_86,attr_200,attr_228,attr_89,attr_58,attr_244,attr_243,attr_210,attr_146,attr_61,attr_211,attr_140,attr_73,attr_117,attr_5,attr_60,attr_78,attr_0,attr_12,attr_21,attr_68,attr_99,attr_50,attr_111,attr_116,attr_40,attr_221,attr_179,attr_180,attr_77,attr_202,attr_160,attr_171,attr_2,attr_118;sku,sku,attr_12,attr_68,attr_211;sku,attr_50,sku,attr_21,attr_140;sku,attr_200,attr_21,sku,attr_244;sku,attr_221,attr_21,attr_5,attr_116
fam_34;"Perspiciatis excepturi ducimus.";"Minima tenetur perferendis.";"Exercitationem voluptatem.";"Blanditiis eligendi.";name;sku,name,attr_120,attr_123,attr_132,attr_102,attr_205,attr_165,attr_204,attr_58,attr_17,attr_12,attr_90,attr_243,attr_108,attr_158,attr_38,attr_242,attr_181,attr_213,attr_124,attr_209,attr_43,attr_76,attr_85,attr_143,attr_4,attr_121,attr_210,attr_125,attr_131,attr_247,attr_106,attr_234,attr_116,attr_223,attr_208,attr_98,attr_5,attr_51,attr_227;sku,attr_123,attr_12,attr_98,attr_121;sku,attr_121,attr_58,attr_125,attr_213;sku,attr_58,attr_120,attr_98,attr_234;sku,attr_125,attr_4,attr_106,attr_76
fam_35;"Fuga sit rerum.";"Animi dignissimos.";"Assumenda corrupti.";"Quasi sed.";name;sku,name,attr_169,attr_66,attr_28,attr_152,attr_59,attr_15,attr_41,attr_8,attr_72,attr_92,attr_197,attr_239,attr_3,attr_214,attr_40,attr_103,attr_183,attr_185,attr_51,attr_79,attr_144,attr_125,attr_46,attr_2,attr_235,attr_194,attr_84,attr_10,attr_225,attr_221,attr_201,attr_218,attr_198,attr_89,attr_220,attr_202,attr_228,attr_150,attr_234;sku,attr_150,attr_79,attr_228,attr_234;sku,attr_183,attr_197,attr_194,attr_66;sku,attr_185,attr_103,attr_66,attr_197;sku,attr_194,name,attr_89,sku
fam_36;"Labore et.";"Occaecati et.";"Praesentium tempora.";"Hic deleniti.";name;sku,name,attr_227,attr_179,attr_125,attr_55,attr_79,attr_94,attr_194,attr_110,attr_118,attr_103,attr_0,attr_138,attr_5,attr_113,attr_73,attr_240,attr_52,attr_153,attr_131,attr_146,attr_27,attr_10,attr_80,attr_159,attr_54,attr_84,attr_174,attr_187,attr_139,attr_136,attr_219,attr_155,attr_145,attr_224,attr_191,attr_85,attr_3,attr_248,attr_97;sku,attr_3,attr_125,attr_10,attr_103;sku,attr_159,attr_248,attr_227,attr_0;sku,attr_73,attr_240,attr_153,attr_187;sku,attr_224,attr_174,attr_125,attr_153
fam_37;"Culpa deserunt dolor.";"Dolor illo nisi.";"In et nisi.";"Tempora autem quos.";name;sku,name,attr_1,attr_117,attr_234,attr_37,attr_161,attr_198,attr_172,attr_235,attr_7,attr_61,attr_72,attr_49,attr_113,attr_183,attr_6,attr_51,attr_225,attr_54,attr_186,attr_152,attr_35,attr_77,attr_220,attr_0,attr_91,attr_201,attr_97,attr_170,attr_147,attr_204,attr_227,attr_200,attr_155,attr_154,attr_174,attr_94,attr_86,attr_188,attr_171;sku,attr_72,attr_97,sku,attr_147;sku,attr_161,attr_7,attr_72,attr_77;sku,attr_97,attr_91,attr_161,attr_72;sku,attr_220,attr_174,attr_183,name
fam_38;"Sed fugit.";"Fugit unde.";"Accusantium quis eos.";"In delectus beatae.";name;sku,name,attr_170,attr_134,attr_57,attr_115,attr_215,attr_143,attr_31,attr_158,attr_67,attr_42,attr_245,attr_105,attr_34,attr_194,attr_12,attr_54,attr_36,attr_45,attr_193,attr_21,attr_222,attr_201,attr_228,attr_43,attr_49,attr_242,attr_161,attr_129,attr_122,attr_162,attr_133,attr_207,attr_46,attr_16,attr_148,attr_159,attr_125,attr_227,attr_176;sku,attr_193,attr_57,attr_161,attr_207;sku,attr_129,attr_31,attr_193,attr_159;sku,attr_207,name,attr_193,attr_176;sku,attr_158,attr_49,attr_227,attr_242
fam_39;"Expedita nobis nihil.";"Nihil eum soluta.";"Vero aut a.";"At sapiente.";name;sku,name,attr_99,attr_227,attr_140,attr_105,attr_12,attr_196,attr_2,attr_189,attr_208,attr_128,attr_82,attr_83,attr_233,attr_90,attr_246,attr_66,attr_54,attr_167,attr_113,attr_19,attr_5,attr_226,attr_93,attr_222,attr_237,attr_188,attr_133,attr_129,attr_109,attr_172,attr_144,attr_225,attr_47,attr_68,attr_1,attr_56,attr_175,attr_6,attr_4;sku,attr_188,attr_54,attr_246,attr_175;sku,attr_83,attr_93,attr_47,attr_246;sku,attr_175,attr_68,attr_128,attr_226;sku,name,attr_2,attr_237,attr_225
fam_40;"Maiores voluptas et.";"Quod dolores consequuntur.";"Est consequatur.";"Quam quia.";name;sku,name,attr_8,attr_164,attr_129,attr_148,attr_188,attr_236,attr_111,attr_81,attr_210,attr_56,attr_119,attr_92,attr_27,attr_182,attr_64,attr_89,attr_151,attr_71,attr_103,attr_238,attr_50,attr_58,attr_133,attr_212,attr_16,attr_159,attr_105,attr_128,attr_169,attr_193,attr_207,attr_142,attr_97,attr_154,attr_125,attr_88,attr_209,attr_11,attr_5;sku,attr_105,attr_129,attr_103,attr_128;sku,attr_89,attr_103,attr_58,name;sku,attr_64,attr_103,attr_50,attr_97;sku,attr_236,attr_64,sku,attr_92
fam_41;"Omnis tempora ducimus.";"Beatae aut.";"Ipsum fugiat libero.";"Impedit et.";name;sku,name,attr_43,attr_68,attr_179,attr_247,attr_31,attr_237,attr_52,attr_5,attr_94,attr_208,attr_161,attr_16,attr_157,attr_216,attr_178,attr_183,attr_9,attr_226,attr_189,attr_32,attr_59,attr_134,attr_173,attr_62,attr_213,attr_117,attr_238,attr_91,attr_37,attr_107,attr_148,attr_203,attr_162,attr_114,attr_234,attr_40,attr_53,attr_177,attr_160;sku,attr_237,attr_178,attr_177,attr_157;sku,attr_107,attr_157,attr_5,attr_213;sku,attr_161,attr_107,attr_32,attr_237;sku,attr_94,attr_177,attr_213,attr_117
fam_42;"Id doloribus.";"Velit incidunt.";"Praesentium provident.";"Sed velit aut.";name;sku,name,attr_211,attr_241,attr_60,attr_30,attr_48,attr_38,attr_183,attr_226,attr_188,attr_198,attr_245,attr_123,attr_191,attr_139,attr_34,attr_101,attr_144,attr_72,attr_40,attr_124,attr_225,attr_116,attr_95,attr_99,attr_150,attr_165,attr_114,attr_205,attr_36,attr_129,attr_35,attr_233,attr_59,attr_157,attr_105,attr_125,attr_41,attr_55,attr_87;sku,attr_198,attr_30,attr_124,attr_226;sku,attr_245,attr_241,attr_211,attr_87;sku,attr_105,attr_59,attr_30,attr_150;sku,attr_183,attr_144,attr_114,attr_123
fam_43;"Aut debitis quaerat.";"Alias quaerat.";"Eveniet saepe doloremque.";"Fugiat dolorem officia.";name;sku,name,attr_220,attr_245,attr_41,attr_138,attr_1,attr_133,attr_23,attr_189,attr_12,attr_100,attr_152,attr_146,attr_92,attr_202,attr_40,attr_178,attr_163,attr_140,attr_139,attr_42,attr_244,attr_120,attr_76,attr_145,attr_47,attr_16,attr_225,attr_21,attr_105,attr_177,attr_215,attr_192,attr_239,attr_0,attr_110,attr_29,attr_248,attr_48,attr_17;sku,attr_21,attr_192,attr_163,attr_215;sku,attr_146,attr_133,attr_152,attr_16;sku,attr_220,attr_146,attr_105,attr_48;sku,attr_152,attr_215,attr_41,attr_76
fam_44;"Quam distinctio corporis.";"Vitae est hic.";"Cumque sit qui.";"Sapiente a.";name;sku,name,attr_166,attr_30,attr_41,attr_17,attr_116,attr_222,attr_11,attr_196,attr_95,attr_206,attr_180,attr_150,attr_246,attr_100,attr_105,attr_220,attr_155,attr_200,attr_131,attr_248,attr_190,attr_204,attr_27,attr_63,attr_24,attr_109,attr_130,attr_5,attr_145,attr_31,attr_79,attr_58,attr_91,attr_132,attr_144,attr_71,attr_103,attr_76,attr_87;sku,attr_206,attr_105,attr_103,attr_222;sku,attr_246,attr_150,name,attr_91;sku,attr_206,attr_190,sku,attr_58;sku,attr_27,attr_95,attr_131,sku
fam_45;"Et corporis.";"Nam nostrum.";"Velit saepe at.";"In in.";name;sku,name,attr_138,attr_149,attr_102,attr_46,attr_113,attr_134,attr_176,attr_243,attr_160,attr_39,attr_52,attr_104,attr_171,attr_90,attr_246,attr_81,attr_177,attr_5,attr_43,attr_174,attr_130,attr_153,attr_115,attr_145,attr_67,attr_248,attr_60,attr_19,attr_156,attr_83,attr_144,attr_203,attr_234,attr_123,attr_218,attr_110,attr_128,attr_72,attr_199;sku,attr_160,attr_130,attr_60,attr_234;sku,attr_52,attr_234,attr_145,attr_149;sku,attr_81,attr_39,attr_234,attr_90;sku,attr_248,attr_113,attr_174,attr_115
fam_46;"Et delectus.";"Ipsum est doloremque.";"Ut quisquam.";"Dolore rem.";name;sku,name,attr_48,attr_47,attr_134,attr_16,attr_248,attr_0,attr_75,attr_70,attr_139,attr_83,attr_198,attr_80,attr_118,attr_167,attr_15,attr_13,attr_78,attr_85,attr_145,attr_44,attr_206,attr_242,attr_174,attr_127,attr_156,attr_183,attr_155,attr_235,attr_128,attr_60,attr_191,attr_237,attr_8,attr_200,attr_59,attr_213,attr_225,attr_17,attr_34;sku,attr_225,attr_60,attr_16,attr_44;sku,attr_17,attr_13,attr_213,attr_16;sku,attr_242,attr_59,attr_48,attr_225;sku,attr_75,name,attr_70,attr_85
fam_47;"Eligendi libero.";"Nulla voluptas.";"Fugiat nostrum.";"Sed nostrum.";name;sku,name,attr_175,attr_26,attr_127,attr_84,attr_196,attr_82,attr_126,attr_109,attr_225,attr_29,attr_245,attr_129,attr_23,attr_132,attr_53,attr_55,attr_21,attr_110,attr_134,attr_173,attr_222,attr_96,attr_249,attr_138,attr_137,attr_217,attr_27,attr_116,attr_187,attr_186,attr_36,attr_182,attr_226,attr_66,attr_35,attr_178,attr_197,attr_216,attr_160;sku,attr_53,attr_66,attr_197,attr_216;sku,attr_245,attr_21,attr_129,attr_84;sku,attr_226,attr_175,attr_197,attr_249;sku,attr_55,attr_53,sku,attr_216
fam_48;"Dolores perferendis voluptas.";"Porro porro.";"Nostrum aliquam itaque.";"Aut laboriosam et.";name;sku,name,attr_33,attr_194,attr_94,attr_35,attr_80,attr_145,attr_157,attr_36,attr_38,attr_218,attr_47,attr_7,attr_245,attr_204,attr_34,attr_172,attr_222,attr_93,attr_19,attr_115,attr_232,attr_73,attr_162,attr_25,attr_81,attr_79,attr_60,attr_17,attr_180,attr_209,attr_239,attr_197,attr_248,attr_246,attr_105,attr_133,attr_8,attr_30,attr_67;sku,attr_47,attr_30,attr_34,attr_67;sku,attr_30,attr_105,attr_180,attr_35;sku,attr_17,attr_73,attr_94,attr_197;sku,attr_8,attr_157,sku,attr_60
fam_49;"Fugit consequuntur.";"Laudantium ratione consequatur.";"Omnis laborum dolor.";"Eum suscipit.";name;sku,name,attr_182,attr_38,attr_186,attr_176,attr_59,attr_170,attr_25,attr_15,attr_229,attr_244,attr_115,attr_212,attr_48,attr_94,attr_210,attr_46,attr_123,attr_227,attr_70,attr_42,attr_2,attr_28,attr_19,attr_5,attr_78,attr_43,attr_103,attr_164,attr_128,attr_238,attr_138,attr_142,attr_33,attr_18,attr_141,attr_171,attr_39,attr_14,attr_98;sku,attr_115,attr_43,attr_229,attr_170;sku,attr_212,attr_227,attr_115,attr_18;sku,attr_5,attr_244,attr_103,attr_2;sku,attr_59,attr_244,attr_227,attr_142
fam_50;"Necessitatibus aut.";"Et itaque assumenda.";"Culpa quibusdam sit.";"Eius neque.";name;sku,name,attr_49,attr_128,attr_63,attr_90,attr_41,attr_23,attr_0,attr_207,attr_110,attr_10,attr_149,attr_81,attr_108,attr_191,attr_217,attr_140,attr_71,attr_167,attr_17,attr_247,attr_80,attr_9,attr_240,attr_160,attr_57,attr_246,attr_18,attr_54,attr_103,attr_244,attr_209,attr_19,attr_129,attr_190,attr_171,attr_136,attr_104,attr_62,attr_79;sku,attr_18,attr_246,attr_149,attr_207;sku,attr_128,attr_79,attr_10,attr_149;sku,attr_18,attr_9,attr_247,attr_57;sku,attr_244,attr_160,attr_57,attr_17
fam_51;"Non porro.";"Perspiciatis corrupti.";"Iste voluptate.";"Blanditiis consequuntur.";name;sku,name,attr_159,attr_68,attr_138,attr_70,attr_87,attr_11,attr_43,attr_179,attr_137,attr_142,attr_205,attr_200,attr_69,attr_91,attr_237,attr_24,attr_166,attr_208,attr_17,attr_195,attr_198,attr_1,attr_53,attr_7,attr_246,attr_111,attr_185,attr_34,attr_241,attr_175,attr_234,attr_165,attr_189,attr_230,attr_235,attr_66,attr_0,attr_171,attr_76;sku,sku,attr_0,attr_235,attr_241;sku,attr_76,attr_137,attr_235,attr_7;sku,attr_76,attr_68,attr_205,attr_70;sku,attr_70,attr_76,name,attr_205
fam_52;"Omnis vel.";"Eveniet distinctio id.";"Rerum omnis et.";"Eveniet velit.";name;sku,name,attr_77,attr_233,attr_173,attr_54,attr_223,attr_203,attr_119,attr_102,attr_20,attr_201,attr_192,attr_85,attr_165,attr_237,attr_144,attr_16,attr_49,attr_18,attr_202,attr_206,attr_138,attr_227,attr_97,attr_176,attr_210,attr_67,attr_246,attr_82,attr_99,attr_195,attr_147,attr_148,attr_117,attr_135,attr_186,attr_194,attr_142,attr_200,attr_172;sku,attr_99,attr_206,attr_20,attr_144;sku,attr_142,attr_223,attr_147,name;sku,attr_54,attr_135,attr_192,attr_85;sku,attr_135,attr_20,attr_18,attr_67
fam_53;"Eius libero.";"Facilis id.";"Eum mollitia.";"Sunt aspernatur expedita.";name;sku,name,attr_101,attr_67,attr_64,attr_103,attr_77,attr_149,attr_162,attr_173,attr_186,attr_141,attr_53,attr_47,attr_215,attr_16,attr_55,attr_36,attr_88,attr_177,attr_12,attr_40,attr_241,attr_76,attr_92,attr_52,attr_197,attr_75,attr_46,attr_68,attr_206,attr_204,attr_99,attr_7,attr_17,attr_98,attr_234,attr_225,attr_153,attr_20,attr_247;sku,attr_53,attr_67,attr_153,attr_36;sku,attr_47,attr_7,attr_234,attr_77;sku,attr_241,attr_247,attr_92,attr_234;sku,attr_98,attr_215,attr_52,attr_76
fam_54;"Sed est.";"Alias et earum.";"Quod ex repellat.";"Voluptate vero.";name;sku,name,attr_221,attr_76,attr_173,attr_223,attr_119,attr_87,attr_112,attr_135,attr_146,attr_25,attr_36,attr_63,attr_18,attr_166,attr_50,attr_216,attr_4,attr_190,attr_74,attr_153,attr_19,attr_33,attr_211,attr_230,attr_42,attr_47,attr_148,attr_39,attr_90,attr_231,attr_69,attr_171,attr_243,attr_3,attr_79,attr_124,attr_29,attr_224,attr_209;sku,attr_211,attr_146,attr_216,attr_47;sku,attr_50,attr_146,attr_4,attr_79;sku,attr_153,attr_166,attr_124,name;sku,attr_216,attr_90,sku,attr_153
fam_55;"Ut alias vero.";"Rerum voluptate.";"Aspernatur mollitia.";"Qui voluptas.";name;sku,name,attr_75,attr_57,attr_7,attr_180,attr_112,attr_210,attr_23,attr_74,attr_144,attr_158,attr_50,attr_203,attr_81,attr_217,attr_89,attr_233,attr_181,attr_40,attr_240,attr_228,attr_18,attr_128,attr_92,attr_248,attr_94,attr_212,attr_85,attr_198,attr_83,attr_175,attr_67,attr_86,attr_222,attr_238,attr_159,attr_130,attr_91,attr_129,attr_213;sku,attr_67,attr_175,attr_159,attr_7;sku,attr_130,attr_240,attr_129,attr_81;sku,attr_159,attr_130,attr_129,attr_94;sku,attr_181,attr_240,attr_67,attr_57
fam_56;"Dolores rem ipsam.";"Consequatur dolorem.";"Sit quasi sequi.";"Labore totam.";name;sku,name,attr_177,attr_187,attr_135,attr_0,attr_132,attr_224,attr_163,attr_142,attr_155,attr_86,attr_46,attr_39,attr_146,attr_170,attr_151,attr_29,attr_198,attr_229,attr_213,attr_249,attr_5,attr_117,attr_137,attr_75,attr_102,attr_38,attr_164,attr_22,attr_167,attr_231,attr_3,attr_4,attr_19,attr_50,attr_30,attr_115,attr_53,attr_147,attr_174;sku,attr_117,attr_50,attr_147,attr_75;sku,attr_174,attr_147,sku,name;sku,attr_187,attr_30,attr_146,attr_229;sku,attr_155,attr_75,attr_229,attr_146
fam_57;"Placeat autem.";"Laborum quibusdam adipisci.";"Ad adipisci dolores.";"Perspiciatis inventore.";name;sku,name,attr_231,attr_82,attr_234,attr_108,attr_217,attr_113,attr_114,attr_93,attr_128,attr_53,attr_249,attr_230,attr_104,attr_241,attr_189,attr_184,attr_229,attr_63,attr_69,attr_27,attr_73,attr_26,attr_29,attr_41,attr_137,attr_110,attr_66,attr_10,attr_21,attr_214,attr_111,attr_240,attr_28,attr_212,attr_168,attr_92,attr_79,attr_35,attr_153;sku,attr_114,attr_153,attr_63,attr_104;sku,attr_29,attr_234,attr_229,attr_241;sku,attr_108,attr_82,attr_93,attr_28;sku,attr_234,attr_240,attr_231,attr_114
fam_58;"Voluptas aut aut.";"Consequuntur qui facere.";"Molestias iste et.";"Numquam veniam.";name;sku,name,attr_209,attr_64,attr_14,attr_93,attr_89,attr_31,attr_78,attr_16,attr_114,attr_222,attr_196,attr_82,attr_140,attr_70,attr_144,attr_121,attr_104,attr_170,attr_73,attr_231,attr_11,attr_96,attr_46,attr_34,attr_156,attr_192,attr_7,attr_76,attr_146,attr_54,attr_40,attr_191,attr_137,attr_228,attr_123,attr_111,attr_101,attr_212,attr_51;sku,attr_96,attr_64,attr_73,attr_228;sku,attr_78,attr_104,attr_191,attr_170;sku,attr_144,attr_212,attr_192,attr_96;sku,attr_34,attr_156,attr_222,attr_93
fam_59;"Repudiandae occaecati commodi.";"Animi autem dolores.";"Reiciendis qui sed.";"Placeat cumque dolore.";name;sku,name,attr_185,attr_93,attr_63,attr_243,attr_150,attr_168,attr_195,attr_193,attr_17,attr_28,attr_111,attr_79,attr_209,attr_143,attr_97,attr_202,attr_69,attr_173,attr_175,attr_12,attr_164,attr_13,attr_70,attr_8,attr_7,attr_115,attr_198,attr_225,attr_241,attr_127,attr_104,attr_226,attr_91,attr_60,attr_183,attr_121,attr_30,attr_81,attr_43;sku,attr_17,attr_225,attr_164,attr_226;sku,attr_12,attr_43,attr_127,attr_241;sku,attr_28,attr_121,attr_104,attr_70;sku,attr_70,attr_63,attr_79,attr_225
fam_60;"Mollitia perferendis.";"Officia id.";"Aut accusantium.";"Et officia expedita.";name;sku,name,attr_23,attr_97,attr_66,attr_139,attr_46,attr_245,attr_15,attr_167,attr_127,attr_130,attr_81,attr_91,attr_189,attr_135,attr_21,attr_212,attr_185,attr_7,attr_62,attr_229,attr_53,attr_244,attr_125,attr_242,attr_239,attr_122,attr_106,attr_45,attr_32,attr_58,attr_231,attr_134,attr_112,attr_213,attr_243,attr_1,attr_178,attr_38,attr_145;sku,attr_91,attr_212,attr_127,attr_145;sku,attr_127,attr_15,name,attr_242;sku,sku,attr_66,attr_45,attr_185;sku,attr_127,attr_178,attr_97,attr_245
fam_61;"Veritatis quam.";"Voluptas porro eaque.";"Quis sit.";"Qui minima.";name;sku,name,attr_39,attr_48,attr_74,attr_92,attr_18,attr_144,attr_138,attr_28,attr_103,attr_52,attr_175,attr_164,attr_172,attr_189,attr_157,attr_158,attr_82,attr_51,attr_11,attr_31,attr_63,attr_173,attr_230,attr_234,attr_72,attr_130,attr_184,attr_224,attr_203,attr_213,attr_247,attr_75,attr_53,attr_161,attr_223,attr_140,attr_218,attr_246,attr_95;sku,attr_53,attr_95,attr_247,attr_72;sku,name,attr_234,attr_157,attr_31;sku,attr_213,attr_52,attr_75,attr_158;sku,attr_95,attr_92,attr_48,attr_184
fam_62;"Sequi enim at.";"Qui et vel.";"Ea magnam.";"Quia culpa dicta.";name;sku,name,attr_164,attr_179,attr_225,attr_108,attr_210,attr_100,attr_197,attr_36,attr_116,attr_226,attr_2,attr_74,attr_175,attr_84,attr_167,attr_148,attr_83,attr_78,attr_223,attr_121,attr_14,attr_182,attr_127,attr_92,attr_24,attr_220,attr_118,attr_163,attr_228,attr_117,attr_244,attr_205,attr_187,attr_113,attr_110,attr_249,attr_47,attr_200,attr_97;sku,attr_249,attr_108,attr_47,attr_244;sku,attr_108,attr_182,attr_225,attr_117;sku,attr_200,attr_117,attr_223,attr_113;sku,attr_121,attr_117,attr_127,attr_118
fam_63;"Dolore corporis adipisci.";"Non doloremque animi.";"Libero temporibus.";"Fugiat qui.";name;sku,name,attr_240,attr_132,attr_201,attr_108,attr_120,attr_71,attr_221,attr_29,attr_79,attr_72,attr_247,attr_57,attr_128,attr_74,attr_6,attr_41,attr_31,attr_227,attr_109,attr_220,attr_188,attr_48,attr_147,attr_82,attr_207,attr_47,attr_69,attr_55,attr_168,attr_191,attr_9,attr_140,attr_233,attr_33,attr_84,attr_156,attr_17,attr_217,attr_59;sku,attr_247,attr_156,attr_57,attr_221;sku,attr_140,sku,name,attr_41;sku,attr_9,attr_140,attr_71,attr_82;sku,attr_128,attr_48,attr_247,attr_29
fam_64;"Expedita repudiandae.";"Reprehenderit aut consequatur.";"Qui laborum.";"Quia eaque.";name;sku,name,attr_237,attr_158,attr_195,attr_132,attr_12,attr_187,attr_179,attr_89,attr_46,attr_235,attr_11,attr_78,attr_21,attr_19,attr_0,attr_64,attr_5,attr_20,attr_172,attr_224,attr_87,attr_161,attr_139,attr_88,attr_97,attr_85,attr_59,attr_76,attr_3,attr_81,attr_149,attr_222,attr_200,attr_69,attr_63,attr_58,attr_203,attr_47,attr_123;sku,attr_195,attr_20,attr_64,attr_21;sku,attr_158,attr_76,attr_0,attr_21;sku,attr_64,attr_224,attr_97,attr_187;sku,attr_85,attr_3,attr_47,attr_0
fam_65;"Est modi illum.";"Autem quia est.";"Consequatur quo consequatur.";"Doloribus nihil et.";name;sku,name,attr_13,attr_102,attr_0,attr_81,attr_64,attr_18,attr_33,attr_156,attr_208,attr_124,attr_181,attr_43,attr_222,attr_238,attr_37,attr_70,attr_164,attr_90,attr_65,attr_85,attr_96,attr_132,attr_93,attr_214,attr_220,attr_237,attr_104,attr_56,attr_213,attr_162,attr_211,attr_110,attr_217,attr_158,attr_26,attr_193,attr_231,attr_170,attr_246;sku,attr_43,attr_104,attr_64,attr_85;sku,attr_96,attr_164,name,attr_64;sku,attr_208,attr_158,attr_246,attr_222;sku,attr_213,attr_220,attr_43,attr_0
fam_66;"Sit aut.";"Corporis quo.";"Possimus dicta placeat.";"Dolor cum.";name;sku,name,attr_22,attr_23,attr_46,attr_54,attr_131,attr_81,attr_158,attr_162,attr_185,attr_1,attr_215,attr_43,attr_47,attr_230,attr_233,attr_210,attr_65,attr_45,attr_106,attr_8,attr_143,attr_207,attr_198,attr_133,attr_163,attr_205,attr_25,attr_164,attr_113,attr_108,attr_220,attr_243,attr_32,attr_53,attr_11,attr_15,attr_161,attr_219,attr_226;sku,attr_164,attr_205,attr_185,attr_230;sku,attr_32,attr_230,name,attr_65;sku,attr_65,attr_161,attr_220,attr_143;sku,name,attr_106,attr_198,attr_226
fam_67;"Odio doloribus sint.";"Dolor maiores quod.";"Maxime ratione neque.";"Autem voluptatem sit.";name;sku,name,attr_3,attr_107,attr_242,attr_168,attr_249,attr_170,attr_171,attr_73,attr_133,attr_222,attr_156,attr_53,attr_123,attr_10,attr_137,attr_118,attr_82,attr_189,attr_31,attr_60,attr_202,attr_135,attr_18,attr_223,attr_29,attr_152,attr_241,attr_248,attr_231,attr_159,attr_115,attr_5,attr_96,attr_110,attr_240,attr_1,attr_204,attr_228,attr_150;sku,attr_115,attr_5,attr_18,attr_170;sku,attr_5,attr_107,attr_228,attr_223;sku,attr_223,attr_249,attr_241,attr_231;sku,attr_156,attr_115,attr_150,name
fam_68;"Cum officia.";"Nihil ut.";"Sit repellat.";"Nemo nihil aut.";name;sku,name,attr_30,attr_26,attr_16,attr_106,attr_185,attr_178,attr_238,attr_19,attr_233,attr_211,attr_173,attr_64,attr_42,attr_237,attr_119,attr_230,attr_113,attr_47,attr_159,attr_215,attr_3,attr_133,attr_124,attr_216,attr_193,attr_102,attr_222,attr_81,attr_188,attr_51,attr_54,attr_151,attr_163,attr_56,attr_68,attr_248,attr_61,attr_60,attr_27;sku,attr_54,attr_193,attr_178,attr_188;sku,attr_106,attr_124,attr_64,sku;sku,name,attr_106,attr_124,attr_60;sku,attr_238,attr_159,attr_163,attr_124
fam_69;"Ducimus hic.";"Itaque voluptatum.";"Culpa quas.";"Velit cupiditate dolorem.";name;sku,name,attr_57,attr_219,attr_67,attr_193,attr_146,attr_28,attr_130,attr_40,attr_123,attr_99,attr_116,attr_83,attr_48,attr_113,attr_159,attr_249,attr_114,attr_172,attr_153,attr_112,attr_90,attr_148,attr_232,attr_151,attr_245,attr_51,attr_167,attr_164,attr_77,attr_139,attr_203,attr_62,attr_4,attr_38,attr_97,attr_166,attr_150,attr_218,attr_70;sku,attr_219,attr_193,attr_164,attr_114;sku,attr_166,sku,attr_219,attr_99;sku,attr_245,attr_153,attr_48,attr_67;sku,name,attr_57,attr_67,attr_164
fam_70;"Molestiae qui aut.";"Voluptatum quos.";"Placeat iusto consectetur.";"Perspiciatis aut.";name;sku,name,attr_209,attr_149,attr_204,attr_86,attr_183,attr_80,attr_28,attr_150,attr_232,attr_241,attr_139,attr_221,attr_50,attr_19,attr_26,attr_131,attr_52,attr_2,attr_92,attr_4,attr_225,attr_122,attr_201,attr_41,attr_135,attr_111,attr_199,attr_6,attr_218,attr_45,attr_18,attr_180,attr_24,attr_113,attr_210,attr_207,attr_151,attr_158,attr_100;sku,attr_131,attr_158,attr_26,attr_225;sku,attr_204,attr_113,attr_225,attr_50;sku,attr_199,attr_225,attr_131,attr_111;sku,attr_149,attr_241,attr_111,attr_18
fam_71;"Dolor facilis.";"Et ducimus.";"Cupiditate ut omnis.";"Nulla sunt.";name;sku,name,attr_2,attr_76,attr_192,attr_62,attr_125,attr_88,attr_56,attr_174,attr_119,attr_219,attr_247,attr_104,attr_38,attr_18,attr_213,attr_143,attr_27,attr_115,attr_118,attr_194,attr_170,attr_185,attr_117,attr_0,attr_109,attr_195,attr_224,attr_146,attr_183,attr_82,attr_64,attr_69,attr_111,attr_53,attr_175,attr_129,attr_166,attr_24,attr_207;sku,attr_125,attr_185,attr_146,name;sku,attr_185,attr_166,attr_18,attr_0;sku,attr_195,attr_174,attr_224,attr_56;sku,attr_0,attr_2,attr_207,attr_56
fam_72;"Quo id ipsa.";"Quisquam maiores quia.";"Assumenda quo deserunt.";"Blanditiis animi.";name;sku,name,attr_214,attr_19,attr_159,attr_177,attr_15,attr_144,attr_111,attr_115,attr_134,attr_231,attr_229,attr_21,attr_151,attr_58,attr_230,attr_11,attr_102,attr_80,attr_240,attr_66,attr_1,attr_249,attr_81,attr_132,attr_79,attr_3,attr_4,attr_202,attr_196,attr_91,attr_50,attr_127,attr_170,attr_199,attr_75,attr_13,attr_35,attr_129,attr_209;sku,attr_199,attr_66,attr_91,attr_249;sku,attr_50,attr_13,attr_35,attr_115;sku,attr_58,attr_4,attr_111,attr_15;sku,attr_159,attr_75,attr_144,attr_13
fam_73;"Nisi inventore est.";"Autem quisquam harum.";"Odit laboriosam accusamus.";"Rerum aut laborum.";name;sku,name,attr_154,attr_77,attr_217,attr_54,attr_31,attr_126,attr_128,attr_2,attr_210,attr_245,attr_11,attr_143,attr_248,attr_78,attr_71,attr_135,attr_47,attr_10,attr_57,attr_52,attr_134,attr_84,attr_87,attr_115,attr_225,attr_206,attr_201,attr_214,attr_235,attr_185,attr_173,attr_107,attr_182,attr_142,attr_0,attr_111,attr_70,attr_60,attr_160;sku,attr_70,attr_78,attr_52,attr_57;sku,attr_235,attr_143,attr_47,attr_71;sku,attr_71,attr_143,attr_77,attr_84;sku,attr_160,attr_206,attr_245,attr_70
fam_74;"Facere commodi nobis.";"Aliquid cupiditate.";"Quis et.";"Dolor error quia.";name;sku,name,attr_243,attr_169,attr_198,attr_187,attr_140,attr_97,attr_50,attr_121,attr_9,attr_234,attr_73,attr_206,attr_237,attr_150,attr_93,attr_70,attr_245,attr_71,attr_111,attr_90,attr_166,attr_228,attr_200,attr_81,attr_72,attr_130,attr_180,attr_54,attr_189,attr_87,attr_126,attr_59,attr_99,attr_49,attr_115,attr_1,attr_123,attr_103,attr_160;sku,attr_160,attr_87,sku,attr_126;sku,attr_111,attr_50,attr_130,attr_87;sku,attr_9,attr_71,attr_59,name;sku,attr_97,attr_237,attr_234,attr_115
fam_75;"Omnis suscipit.";"Rerum maiores minima.";"Alias culpa.";"Molestiae praesentium.";name;sku,name,attr_204,attr_72,attr_18,attr_201,attr_160,attr_121,attr_124,attr_156,attr_136,attr_86,attr_231,attr_107,attr_142,attr_25,attr_217,attr_110,attr_230,attr_65,attr_223,attr_207,attr_104,attr_46,attr_227,attr_0,attr_238,attr_180,attr_208,attr_100,attr_2,attr_219,attr_119,attr_21,attr_44,attr_177,attr_50,attr_70,attr_188,attr_132,attr_181;sku,attr_124,sku,attr_0,attr_2;sku,attr_132,attr_230,attr_208,attr_21;sku,attr_44,attr_121,attr_180,attr_65;sku,sku,attr_188,attr_44,attr_107
fam_76;"Ratione ut.";"Commodi ducimus.";"Dolor laudantium occaecati.";"Nihil aut.";name;sku,name,attr_72,attr_243,attr_170,attr_247,attr_221,attr_42,attr_220,attr_38,attr_232,attr_179,attr_131,attr_201,attr_70,attr_113,attr_177,attr_128,attr_236,attr_45,attr_77,attr_234,attr_111,attr_192,attr_40,attr_53,attr_193,attr_124,attr_41,attr_196,attr_24,attr_211,attr_202,attr_7,attr_94,attr_105,attr_241,attr_197,attr_167,attr_69,attr_123;sku,name,sku,attr_70,attr_196;sku,attr_7,attr_234,attr_197,attr_131;sku,attr_77,attr_45,attr_42,attr_193;sku,attr_45,attr_123,attr_131,attr_247
fam_77;"Est iusto voluptatem.";"Temporibus aut.";"Quia ut aut.";"Fugiat dolores.";name;sku,name,attr_229,attr_170,attr_130,attr_136,attr_235,attr_93,attr_247,attr_86,attr_215,attr_45,attr_243,attr_213,attr_241,attr_164,attr_180,attr_0,attr_27,attr_87,attr_157,attr_148,attr_85,attr_28,attr_106,attr_14,attr_185,attr_221,attr_179,attr_217,attr_24,attr_104,attr_9,attr_30,attr_73,attr_96,attr_108,attr_118,attr_233,attr_3,attr_37;sku,name,attr_87,sku,attr_85;sku,attr_106,attr_130,attr_104,attr_28;sku,attr_9,attr_3,attr_130,attr_96;sku,attr_106,attr_104,name,attr_96
fam_78;"Earum impedit.";"Tenetur possimus fugiat.";"Suscipit non.";"Ipsam sed.";name;sku,name,attr_239,attr_198,attr_176,attr_15,attr_129,attr_68,attr_95,attr_34,attr_29,attr_52,attr_42,attr_167,attr_4,attr_226,attr_122,attr_214,attr_119,attr_241,attr_93,attr_208,attr_211,attr_41,attr_179,attr_63,attr_217,attr_201,attr_81,attr_248,attr_157,attr_89,attr_172,attr_65,attr_90,attr_64,attr_244,attr_144,attr_84,attr_48,attr_28;sku,attr_28,name,attr_65,attr_129;sku,attr_52,attr_89,attr_48,attr_28;sku,attr_15,attr_93,attr_198,attr_95;sku,attr_84,attr_244,attr_48,attr_64
fam_79;"Maiores sit.";"Commodi quaerat accusantium.";"Saepe sit et.";"Perspiciatis eius.";name;sku,name,attr_176,attr_83,attr_181,attr_226,attr_55,attr_13,attr_60,attr_134,attr_53,attr_247,attr_44,attr_145,attr_61,attr_69,attr_248,attr_81,attr_102,attr_150,attr_160,attr_66,attr_141,attr_234,attr_38,attr_21,attr_128,attr_72,attr_222,attr_131,attr_52,attr_209,attr_185,attr_120,attr_31,attr_224,attr_249,attr_164,attr_108,attr_107,attr_177;sku,attr_53,attr_66,attr_55,attr_145;sku,attr_247,attr_249,attr_44,attr_60;sku,attr_53,attr_61,attr_52,attr_21;sku,sku,attr_31,attr_177,attr_66
fam_80;"Quis ducimus.";"Hic autem unde.";"Aut eum.";"Earum quam.";name;sku,name,attr_175,attr_14,attr_130,attr_97,attr_99,attr_161,attr_241,attr_98,attr_151,attr_206,attr_192,attr_85,attr_210,attr_188,attr_117,attr_203,attr_245,attr_37,attr_222,attr_168,attr_154,attr_198,attr_31,attr_142,attr_171,attr_102,attr_61,attr_164,attr_66,attr_228,attr_227,attr_156,attr_193,attr_118,attr_87,attr_233,attr_145,attr_5,attr_186;sku,attr_192,name,attr_87,attr_206;sku,attr_5,attr_175,attr_66,attr_188;sku,attr_98,attr_31,attr_85,attr_142;sku,attr_198,attr_188,attr_154,attr_99
fam_81;"Doloribus voluptas.";"Et consequuntur.";"Pariatur quia.";"Voluptas adipisci nam.";name;sku,name,attr_247,attr_66,attr_84,attr_90,attr_196,attr_179,attr_126,attr_119,attr_160,attr_219,attr_150,attr_83,attr_24,attr_228,attr_69,attr_199,attr_38,attr_130,attr_93,attr_55,attr_48,attr_67,attr_108,attr_237,attr_19,attr_81,attr_78,attr_132,attr_225,attr_128,attr_165,attr_27,attr_134,attr_113,attr_9,attr_181,attr_56,attr_120,attr_20;sku,attr_27,attr_48,attr_247,attr_219;sku,attr_83,attr_150,attr_55,attr_219;sku,attr_84,attr_126,attr_160,name;sku,attr_27,attr_130,attr_126,attr_225
fam_82;"Et earum.";"Aut ad.";"Autem dolore.";"Sit culpa.";name;sku,name,attr_47,attr_181,attr_105,attr_200,attr_79,attr_32,attr_147,attr_97,attr_10,attr_194,attr_243,attr_138,attr_213,attr_247,attr_191,attr_60,attr_57,attr_185,attr_88,attr_232,attr_224,attr_101,attr_136,attr_184,attr_190,attr_177,attr_238,attr_165,attr_66,attr_144,attr_108,attr_51,attr_196,attr_140,attr_73,attr_16,attr_58,attr_225,attr_40;sku,attr_16,attr_144,attr_147,attr_60;sku,attr_225,attr_196,attr_47,attr_177;sku,attr_147,attr_108,attr_225,attr_60;sku,attr_66,attr_238,attr_140,attr_16
fam_83;"Esse magni.";"Quia facere.";"Aut commodi quo.";"Eum excepturi consectetur.";name;sku,name,attr_34,attr_217,attr_243,attr_38,attr_27,attr_116,attr_11,attr_247,attr_215,attr_87,attr_212,attr_85,attr_106,attr_119,attr_183,attr_73,attr_229,attr_160,attr_236,attr_226,attr_26,attr_188,attr_65,attr_110,attr_17,attr_205,attr_36,attr_242,attr_222,attr_197,attr_62,attr_57,attr_40,attr_174,attr_125,attr_42,attr_113,attr_166,attr_45;sku,attr_205,attr_125,attr_17,sku;sku,attr_26,attr_229,attr_34,sku;sku,attr_160,attr_125,sku,attr_174;sku,attr_222,attr_65,attr_236,attr_42
fam_84;"Odio non.";"Amet tenetur et.";"Ut deleniti.";"Odit quae.";name;sku,name,attr_218,attr_110,attr_54,attr_91,attr_26,attr_45,attr_124,attr_66,attr_185,attr_151,attr_170,attr_116,attr_153,attr_240,attr_33,attr_241,attr_13,attr_42,attr_47,attr_214,attr_96,attr_114,attr_21,attr_130,attr_230,attr_209,attr_50,attr_37,attr_22,attr_7,attr_137,attr_162,attr_127,attr_169,attr_205,attr_143,attr_231,attr_211,attr_213;sku,attr_91,attr_50,attr_96,sku;sku,attr_13,attr_218,attr_185,attr_22;sku,attr_170,attr_114,attr_7,attr_47;sku,name,attr_50,sku,attr_137
fam_85;"Aut occaecati mollitia.";"Ab ea aut.";"Et omnis voluptatem.";"Molestiae consequatur ut.";name;sku,name,attr_148,attr_122,attr_15,attr_110,attr_28,attr_181,attr_16,attr_243,attr_7,attr_11,attr_230,attr_60,attr_203,attr_126,attr_197,attr_23,attr_237,attr_12,attr_63,attr_102,attr_220,attr_132,attr_32,attr_190,attr_87,attr_53,attr_62,attr_115,attr_64,attr_70,attr_205,attr_57,attr_49,attr_17,attr_119,attr_240,attr_192,attr_129,attr_71;sku,attr_32,attr_28,sku,attr_115;sku,attr_190,attr_7,attr_28,attr_32;sku,attr_64,attr_87,attr_53,name;sku,attr_192,attr_32,attr_71,attr_64
fam_86;"Quaerat magnam praesentium.";"Qui est et.";"Hic earum.";"Fugiat et et.";name;sku,name,attr_3,attr_117,attr_190,attr_51,attr_248,attr_220,attr_162,attr_115,attr_70,attr_175,attr_77,attr_152,attr_85,attr_2,attr_6,attr_186,attr_19,attr_188,attr_176,attr_237,attr_178,attr_49,attr_134,attr_233,attr_27,attr_173,attr_99,attr_14,attr_129,attr_47,attr_75,attr_38,attr_5,attr_87,attr_123,attr_131,attr_80,attr_164,attr_4;sku,attr_220,attr_85,attr_115,attr_188;sku,attr_47,attr_123,attr_5,attr_3;sku,attr_2,attr_176,attr_220,attr_99;sku,attr_77,attr_123,attr_186,attr_75
fam_87;"Quasi mollitia.";"Non doloribus qui.";"Ut reiciendis.";"Fugiat omnis.";name;sku,name,attr_101,attr_71,attr_226,attr_106,attr_225,attr_197,attr_218,attr_155,attr_90,attr_24,attr_73,attr_123,attr_86,attr_162,attr_64,attr_194,attr_87,attr_85,attr_207,attr_115,attr_248,attr_122,attr_233,attr_60,attr_232,attr_98,attr_118,attr_127,attr_147,attr_48,attr_41,attr_241,attr_15,attr_188,attr_202,attr_223,attr_148,attr_134,attr_83;sku,attr_207,attr_232,attr_197,attr_71;sku,attr_15,attr_98,attr_90,attr_225;sku,attr_207,attr_106,attr_48,attr_41;sku,attr_48,attr_223,name,attr_147
fam_88;"Dolor nihil esse.";"Hic natus.";"Officiis sed.";"Ipsa similique.";name;sku,name,attr_201,attr_30,attr_68,attr_136,attr_51,attr_6,attr_234,attr_188,attr_89,attr_55,attr_147,attr_205,attr_184,attr_16,attr_86,attr_244,attr_135,attr_208,attr_10,attr_36,attr_203,attr_140,attr_159,attr_161,attr_21,attr_41,attr_48,attr_131,attr_190,attr_156,attr_7,attr_125,attr_33,attr_105,attr_84,attr_64,attr_164,attr_102,attr_218;sku,attr_86,attr_64,attr_159,attr_135;sku,attr_64,attr_188,attr_55,attr_105;sku,attr_190,attr_164,attr_36,attr_30;sku,attr_218,attr_41,attr_164,attr_234
fam_89;"Et quia.";"Voluptas dolorem.";"Dolores optio.";"Quas amet rerum.";name;sku,name,attr_241,attr_71,attr_191,attr_131,attr_162,attr_140,attr_18,attr_185,attr_171,attr_95,attr_138,attr_116,attr_188,attr_83,attr_189,attr_102,attr_59,attr_97,attr_49,attr_183,attr_56,attr_124,attr_27,attr_36,attr_87,attr_155,attr_117,attr_195,attr_34,attr_37,attr_144,attr_30,attr_107,attr_25,attr_21,attr_74,attr_145,attr_181,attr_235;sku,attr_30,attr_83,attr_107,attr_49;sku,attr_191,attr_18,attr_235,attr_124;sku,attr_241,attr_18,attr_131,attr_144;sku,attr_59,attr_195,attr_56,attr_144
fam_90;"Et eveniet sapiente.";"Occaecati sint iste.";"Possimus alias necessitatibus.";"Expedita neque.";name;sku,name,attr_84,attr_226,attr_230,attr_42,attr_47,attr_240,attr_2,attr_169,attr_127,attr_36,attr_208,attr_249,attr_209,attr_3,attr_86,attr_130,attr_115,attr_215,attr_175,attr_238,attr_212,attr_104,attr_11,attr_144,attr_63,attr_110,attr_173,attr_224,attr_96,attr_116,attr_12,attr_74,attr_214,attr_78,attr_128,attr_119,attr_156,attr_172,attr_26;sku,attr_115,attr_104,attr_3,attr_212;sku,attr_208,attr_156,attr_2,attr_130;sku,attr_2,attr_215,attr_127,attr_144;sku,attr_226,attr_47,attr_96,attr_215
fam_91;"Quibusdam voluptatem.";"Quia tenetur et.";"Quia fugiat.";"Repudiandae modi.";name;sku,name,attr_86,attr_244,attr_54,attr_34,attr_193,attr_135,attr_90,attr_56,attr_14,attr_166,attr_141,attr_148,attr_104,attr_75,attr_249,attr_2,attr_174,attr_171,attr_113,attr_184,attr_214,attr_136,attr_198,attr_52,attr_138,attr_16,attr_74,attr_96,attr_64,attr_68,attr_175,attr_69,attr_158,attr_161,attr_35,attr_44,attr_76,attr_165,attr_157;sku,attr_141,attr_113,sku,attr_16;sku,attr_104,sku,attr_96,attr_54;sku,attr_157,attr_244,attr_52,attr_161;sku,attr_56,attr_113,attr_96,attr_76
fam_92;"Quidem dicta.";"Consequatur totam.";"Et quas esse.";"Et et animi.";name;sku,name,attr_162,attr_26,attr_165,attr_151,attr_198,attr_186,attr_177,attr_77,attr_138,attr_205,attr_117,attr_17,attr_116,attr_247,attr_238,attr_108,attr_53,attr_99,attr_213,attr_18,attr_9,attr_214,attr_242,attr_128,attr_182,attr_16,attr_217,attr_80,attr_235,attr_141,attr_245,attr_161,attr_119,attr_92,attr_227,attr_37,attr_114,attr_50,attr_38;sku,attr_235,attr_205,attr_198,attr_128;sku,attr_238,attr_141,attr_205,sku;sku,attr_182,attr_161,attr_198,attr_247;sku,attr_242,attr_238,attr_50,attr_99
fam_93;"Qui occaecati ut.";"Deserunt quis aliquam.";"Quaerat et.";"Ea culpa.";name;sku,name,attr_237,attr_45,attr_165,attr_241,attr_141,attr_169,attr_209,attr_103,attr_73,attr_201,attr_68,attr_107,attr_207,attr_48,attr_86,attr_31,attr_140,attr_114,attr_122,attr_2,attr_211,attr_35,attr_82,attr_133,attr_229,attr_152,attr_216,attr_49,attr_222,attr_247,attr_124,attr_156,attr_33,attr_109,attr_25,attr_123,attr_233,attr_135,attr_203;sku,attr_124,attr_207,attr_45,attr_86;sku,attr_156,attr_82,attr_103,attr_141;sku,attr_114,attr_82,attr_156,attr_133;sku,attr_2,attr_207,attr_141,attr_86
fam_94;"Sint odit.";"Sint ipsum molestiae.";"Reprehenderit voluptatem debitis.";"Et autem dicta.";name;sku,name,attr_113,attr_76,attr_166,attr_67,attr_16,attr_97,attr_222,attr_224,attr_53,attr_17,attr_193,attr_122,attr_214,attr_60,attr_32,attr_124,attr_66,attr_95,attr_36,attr_221,attr_161,attr_90,attr_86,attr_123,attr_80,attr_248,attr_110,attr_45,attr_164,attr_21,attr_121,attr_18,attr_15,attr_7,attr_132,attr_137,attr_236,attr_186,attr_152;sku,attr_222,attr_21,attr_66,attr_15;sku,attr_97,sku,attr_17,attr_21;sku,attr_161,attr_124,attr_53,attr_21;sku,attr_67,attr_76,attr_164,attr_123
fam_95;"Ea laborum vel.";"Numquam libero.";"Repellendus ea ex.";"Explicabo ex quos.";name;sku,name,attr_190,attr_206,attr_166,attr_12,attr_203,attr_221,attr_244,attr_104,attr_82,attr_67,attr_141,attr_223,attr_59,attr_174,attr_214,attr_168,attr_41,attr_143,attr_18,attr_111,attr_14,attr_249,attr_73,attr_149,attr_81,attr_79,attr_5,attr_16,attr_186,attr_153,attr_92,attr_173,attr_38,attr_108,attr_131,attr_204,attr_39,attr_181,attr_127;sku,attr_67,attr_174,attr_82,attr_181;sku,attr_186,attr_149,attr_16,attr_153;sku,attr_81,attr_41,attr_249,attr_186;sku,attr_5,attr_166,attr_81,attr_59
fam_96;"Voluptatem fugiat incidunt.";"Fuga excepturi.";"Et a rem.";"Iusto tempora.";name;sku,name,attr_235,attr_219,attr_176,attr_0,attr_171,attr_163,attr_33,attr_14,attr_165,attr_54,attr_110,attr_216,attr_248,attr_240,attr_125,attr_53,attr_91,attr_221,attr_209,attr_222,attr_227,attr_58,attr_69,attr_76,attr_103,attr_89,attr_241,attr_51,attr_128,attr_43,attr_167,attr_186,attr_169,attr_20,attr_234,attr_166,attr_94,attr_218,attr_204;sku,attr_169,attr_20,attr_241,attr_0;sku,attr_241,attr_240,attr_234,attr_89;sku,attr_204,attr_163,attr_186,attr_0;sku,attr_94,attr_209,attr_58,attr_163
fam_97;"Animi ut doloribus.";"Distinctio velit magni.";"Eos nesciunt velit.";"Quisquam voluptas error.";name;sku,name,attr_28,attr_233,attr_73,attr_37,attr_120,attr_197,attr_137,attr_96,attr_24,attr_34,attr_189,attr_108,attr_131,attr_167,attr_142,attr_63,attr_207,attr_69,attr_178,attr_237,attr_104,attr_26,attr_103,attr_215,attr_192,attr_121,attr_9,attr_224,attr_105,attr_41,attr_134,attr_208,attr_150,attr_110,attr_183,attr_86,attr_15,attr_61,attr_56;sku,attr_131,attr_197,attr_9,attr_108;sku,attr_9,attr_131,attr_192,attr_120;sku,attr_63,attr_150,attr_86,attr_9;sku,attr_237,attr_197,attr_103,attr_56
fam_98;"Exercitationem velit et.";"Dolores expedita.";"Sint nesciunt accusamus.";"Nobis quia.";name;sku,name,attr_94,attr_214,attr_142,attr_26,attr_22,attr_143,attr_193,attr_239,attr_151,attr_96,attr_242,attr_178,attr_59,attr_55,attr_132,attr_30,attr_31,attr_167,attr_208,attr_249,attr_100,attr_216,attr_75,attr_98,attr_62,attr_245,attr_72,attr_144,attr_140,attr_124,attr_155,attr_248,attr_154,attr_28,attr_32,attr_195,attr_243,attr_158,attr_76;sku,attr_75,attr_242,attr_96,attr_94;sku,attr_22,attr_98,attr_178,attr_94;sku,attr_248,attr_144,attr_100,attr_94;sku,attr_144,attr_193,attr_140,sku
fam_99;"Eos sed.";"Esse laboriosam.";"Id repudiandae nihil.";"Vel omnis expedita.";name;sku,name,attr_228,attr_27,attr_117,attr_169,attr_151,attr_216,attr_192,attr_147,attr_23,attr_159,attr_18,attr_163,attr_41,attr_238,attr_136,attr_209,attr_179,attr_203,attr_45,attr_249,attr_174,attr_210,attr_152,attr_104,attr_167,attr_230,attr_241,attr_247,attr_103,attr_162,attr_236,attr_60,attr_113,attr_54,attr_182,attr_49,attr_16,attr_14,attr_77;sku,attr_182,attr_216,attr_241,attr_60;sku,attr_152,attr_104,attr_45,sku;sku,attr_169,attr_27,attr_241,attr_236;sku,attr_41,attr_45,attr_147,attr_174
