code;label-de_DE;label-en_US;label-es_ES;label-fr_FR;attribute_as_label;attributes;requirements-ecommerce;requirements-print
fam_0;"Commodi at corporis.";"Ut modi neque.";"Soluta asperiores.";"Necessitatibus earum ratione.";sku;sku,attr_282,attr_161,attr_182,attr_97,attr_191,attr_2,attr_398,attr_25,attr_275,attr_259,attr_217,attr_38,attr_147,attr_10,attr_348,attr_178,attr_21,attr_15,attr_289,attr_20,attr_71,attr_303,attr_266,attr_299,attr_202,attr_271,attr_355,attr_119,attr_122,attr_63,attr_123,attr_236,attr_102,attr_168,attr_347,attr_212,attr_46,attr_325,attr_397,attr_222,attr_196,attr_349,attr_339,attr_134,attr_391,attr_181,attr_126,attr_308,attr_104,attr_382,attr_364,attr_190,attr_333,attr_91,attr_383,attr_111,attr_393,attr_146,attr_32,attr_135,attr_175,attr_228,attr_342,attr_167,attr_384,attr_16,attr_261,attr_268,attr_280,attr_336,attr_103,attr_94,attr_159,attr_101,attr_345,attr_23,attr_121,attr_357,attr_51,attr_255,attr_314,attr_216,attr_376,attr_96,attr_210,attr_372,attr_157,attr_41,attr_160,attr_293,attr_150,attr_262,attr_37,attr_171,attr_148,attr_214,attr_33,attr_19,attr_343;sku,attr_266,attr_26,attr_177,attr_352;sku,attr_355,attr_275,attr_104,attr_216
fam_1;"Reiciendis enim velit.";"Ut sed.";"Temporibus quas harum.";"Id beatae laborum.";sku;sku,attr_44,attr_231,attr_176,attr_155,attr_364,attr_292,attr_328,attr_8,attr_79,attr_265,attr_6,attr_392,attr_104,attr_12,attr_40,attr_324,attr_289,attr_60,attr_373,attr_218,attr_75,attr_335,attr_229,attr_238,attr_177,attr_48,attr_317,attr_331,attr_132,attr_235,attr_329,attr_349,attr_350,attr_314,attr_387,attr_236,attr_43,attr_116,attr_182,attr_243,attr_211,attr_210,attr_52,attr_2,attr_395,attr_316,attr_386,attr_168,attr_326,attr_333,attr_81,attr_111,attr_384,attr_226,attr_24,attr_192,attr_194,attr_86,attr_282,attr_309,attr_214,attr_249,attr_65,attr_283,attr_398,attr_96,attr_193,attr_16,attr_303,attr_146,attr_37,attr_197,attr_377,attr_164,attr_334,attr_360,attr_227,attr_269,attr_239,attr_263,attr_247,attr_385,attr_49,attr_27,attr_240,attr_107,attr_272,attr_35,attr_63,attr_284,attr_348,attr_294,attr_119,attr_78,attr_298,attr_39,attr_252,attr_0,attr_232;sku,attr_243,attr_60,attr_219,attr_365;sku,attr_346,attr_391,attr_216,attr_223
fam_2;"Nesciunt nostrum cum.";"Consequatur perferendis sequi.";"Non nisi.";"Itaque reiciendis.";sku;sku,attr_314,attr_121,attr_271,attr_203,attr_338,attr_219,attr_351,attr_188,attr_170,attr_94,attr_397,attr_169,attr_65,attr_199,attr_398,attr_275,attr_211,attr_135,attr_193,attr_82,attr_110,attr_254,attr_71,attr_104,attr_362,attr_163,attr_54,attr_277,attr_378,attr_257,attr_224,attr_370,attr_133,attr_73,attr_47,attr_341,attr_106,attr_122,attr_90,attr_256,attr_323,attr_261,attr_207,attr_356,attr_391,attr_137,attr_171,attr_228,attr_158,attr_332,attr_334,attr_353,attr_305,attr_191,attr_183,attr_196,attr_252,attr_368,attr_34,attr_146,attr_127,attr_312,attr_28,attr_300,attr_2,attr_264,attr_295,attr_125,attr_239,attr_134,attr_285,attr_369,attr_138,attr_139,attr_221,attr_303,attr_347,attr_145,attr_273,attr_366,attr_281,attr_174,attr_227,attr_311,attr_267,attr_19,attr_318,attr_0,attr_30,attr_37,attr_7,attr_178,attr_310,attr_78,attr_115,attr_107,attr_61,attr_187,attr_50;sku,attr_121,attr_268,attr_336,attr_97;sku,attr_374,attr_305,attr_357,attr_90
fam_3;"Quo voluptatem enim.";"Quam enim qui.";"Aspernatur ipsam praesentium.";"Incidunt magnam.";sku;sku,attr_138,attr_220,attr_399,attr_124,attr_362,attr_272,attr_192,attr_68,attr_111,attr_21,attr_281,attr_269,attr_310,attr_132,attr_179,attr_69,attr_175,attr_150,attr_149,attr_65,attr_242,attr_13,attr_141,attr_0,attr_342,attr_232,attr_345,attr_308,attr_17,attr_123,attr_339,attr_336,attr_344,attr_376,attr_102,attr_334,attr_58,attr_323,attr_103,attr_374,attr_193,attr_392,attr_142,attr_116,attr_266,attr_99,attr_276,attr_251,attr_156,attr_44,attr_30,attr_153,attr_275,attr_375,attr_41,attr_177,attr_243,attr_377,attr_311,attr_56,attr_155,attr_186,attr_119,attr_8,attr_203,attr_38,attr_137,attr_302,attr_110,attr_22,attr_228,attr_248,attr_178,attr_249,attr_245,attr_385,attr_1,attr_370,attr_57,attr_230,attr_327,attr_80,attr_280,attr_39,attr_318,attr_255,attr_82,attr_235,attr_67,attr_389,attr_222,attr_329,attr_198,attr_328,attr_157,attr_270,attr_93,attr_211,attr_285;sku,attr_231,attr_312,attr_17,attr_330;sku,attr_62,attr_326,attr_47,attr_104
fam_4;"Ut sint.";"Tempora incidunt voluptatibus.";"Nemo aut.";"Dolores assumenda.";sku;sku,attr_27,attr_317,attr_395,attr_124,attr_266,attr_108,attr_57,attr_393,attr_71,attr_74,attr_255,attr_330,attr_85,attr_363,attr_19,attr_314,attr_32,attr_89,attr_14,attr_189,attr_285,attr_323,attr_257,attr_62,attr_208,attr_146,attr_297,attr_17,attr_182,attr_346,attr_26,attr_98,attr_318,attr_160,attr_290,attr_5,attr_20,attr_179,attr_326,attr_240,attr_114,attr_211,attr_121,attr_394,attr_84,attr_22,attr_366,attr_303,attr_194,attr_136,attr_105,attr_340,attr_305,attr_142,attr_155,attr_83,attr_178,attr_286,attr_310,attr_265,attr_375,attr_223,attr_37,attr_40,attr_329,attr_382,attr_356,attr_13,attr_365,attr_220,attr_203,attr_117,attr_110,attr_378,attr_391,attr_313,attr_118,attr_4,attr_371,attr_295,attr_337,attr_143,attr_264,attr_41,attr_302,attr_316,attr_56,attr_166,attr_156,attr_396,attr_9,attr_358,attr_260,attr_252,attr_355,attr_86,attr_379,attr_132,attr_88;sku,attr_279,attr_236,attr_58,attr_327;sku,attr_127,attr_196,attr_167,attr_334
fam_5;"Libero ea.";"Optio corporis debitis.";"Asperiores provident.";"Assumenda et.";sku;sku,attr_287,attr_49,attr_7,attr_22,attr_62,attr_59,attr_356,attr_17,attr_60,attr_325,attr_343,attr_113,attr_226,attr_201,attr_3,attr_69,attr_364,attr_212,attr_21,attr_296,attr_119,attr_26,attr_38,attr_349,attr_202,attr_359,attr_322,attr_134,attr_145,attr_126,attr_229,attr_238,attr_304,attr_250,attr_298,attr_1,attr_0,attr_141,attr_274,attr_370,attr_24,attr_373,attr_51,attr_34,attr_92,attr_193,attr_133,attr_159,attr_378,attr_6,attr_249,attr_263,attr_77,attr_279,attr_303,attr_87,attr_207,attr_57,attr_398,attr_339,attr_368,attr_198,attr_257,attr_8,attr_224,attr_357,attr_352,attr_237,attr_137,attr_231,attr_117,attr_136,attr_151,attr_203,attr_324,attr_68,attr_64,attr_111,attr_190,attr_78,attr_228,attr_393,attr_381,attr_291,attr_208,attr_194,attr_138,attr_278,attr_165,attr_392,attr_90,attr_72,attr_82,attr_170,attr_129,attr_95,attr_312,attr_196,attr_351;sku,attr_84,attr_341,attr_40,attr_74;sku,attr_3,attr_376,attr_270,attr_277
fam_6;"Iure suscipit.";"Sunt aspernatur.";"Reprehenderit aut.";"Alias rerum.";sku;sku,attr_72,attr_342,attr_225,attr_26,attr_190,attr_183,attr_193,attr_379,attr_346,attr_57,attr_291,attr_212,attr_206,attr_388,attr_28,attr_280,attr_332,attr_367,attr_313,attr_29,attr_99,attr_11,attr_207,attr_125,attr_370,attr_4,attr_395,attr_2,attr_141,attr_242,attr_268,attr_305,attr_101,attr_326,attr_261,attr_353,attr_15,attr_83,attr_90,attr_238,attr_375,attr_365,attr_78,attr_105,attr_119,attr_277,attr_350,attr_269,attr_210,attr_337,attr_82,attr_13,attr_283,attr_155,attr_275,attr_352,attr_284,attr_79,attr_122,attr_158,attr_167,attr_195,attr_252,attr_349,attr_32,attr_129,attr_371,attr_348,attr_131,attr_84,attr_16,attr_347,attr_111,attr_222,attr_234,attr_76,attr_236,attr_361,attr_14,attr_239,attr_149,attr_18,attr_150,attr_36,attr_42,attr_286,attr_80,attr_71,attr_345,attr_324,attr_53,attr_165,attr_115,attr_270,attr_250,attr_358,attr_328,attr_376,attr_135;sku,attr_251,attr_351,attr_325,attr_186;sku,attr_94,attr_377,attr_33,attr_109
fam_7;"Quo repudiandae delectus.";"Aliquam repellat aut.";"Natus sed.";"Nam tempore.";sku;sku,attr_120,attr_81,attr_178,attr_332,attr_94,attr_87,attr_144,attr_108,attr_282,attr_80,attr_390,attr_156,attr_209,attr_150,attr_357,attr_243,attr_36,attr_104,attr_251,attr_92,attr_55,attr_252,attr_220,attr_93,attr_103,attr_255,attr_381,attr_275,attr_10,attr_315,attr_35,attr_353,attr_177,attr_314,attr_157,attr_256,attr_97,attr_254,attr_302,attr_325,attr_396,attr_281,attr_64,attr_133,attr_53,attr_27,attr_347,attr_223,attr_257,attr_367,attr_31,attr_265,attr_17,attr_7,attr_362,attr_244,attr_387,attr_24,attr_236,attr_123,attr_30,attr_301,attr_66,attr_130,attr_138,attr_270,attr_261,attr_208,attr_96,attr_393,attr_184,attr_394,attr_238,attr_107,attr_360,attr_276,attr_45,attr_328,attr_310,attr_217,attr_213,attr_119,attr_111,attr_378,attr_101,attr_127,attr_225,attr_100,attr_128,attr_193,attr_380,attr_313,attr_266,attr_268,attr_222,attr_12,attr_47,attr_50,attr_292;sku,attr_224,attr_177,attr_169,attr_203;sku,attr_305,attr_156,attr_56,attr_181
fam_8;"Et sunt.";"Quos qui quibusdam.";"Sint qui maiores.";"Ut dolor fuga.";sku;sku,attr_60,attr_166,attr_54,attr_153,attr_134,attr_339,attr_242,attr_349,attr_287,attr_142,attr_112,attr_140,attr_66,attr_118,attr_286,attr_181,attr_74,attr_311,attr_117,attr_306,attr_227,attr_334,attr_279,attr_40,attr_150,attr_137,attr_158,attr_157,attr_285,attr_58,attr_197,attr_198,attr_59,attr_374,attr_178,attr_373,attr_30,attr_211,attr_5,attr_263,attr_255,attr_335,attr_292,attr_4,attr_13,attr_291,attr_202,attr_29,attr_20,attr_39,attr_322,attr_154,attr_282,attr_323,attr_152,attr_105,attr_251,attr_379,attr_376,attr_371,attr_392,attr_302,attr_148,attr_210,attr_45,attr_386,attr_131,attr_221,attr_203,attr_136,attr_97,attr_94,attr_389,attr_277,attr_83,attr_78,attr_184,attr_187,attr_240,attr_47,attr_120,attr_149,attr_209,attr_80,attr_189,attr_341,attr_337,attr_348,attr_130,attr_321,attr_355,attr_26,attr_338,attr_314,attr_320,attr_260,attr_252,attr_372,attr_190;sku,attr_310,attr_342,attr_352,attr_60;sku,attr_96,attr_114,attr_191,attr_320
fam_9;"Reiciendis perferendis.";"Omnis ipsam.";"Aut ut.";"Qui voluptatem cumque.";sku;sku,attr_86,attr_24,attr_132,attr_248,attr_392,attr_246,attr_46,attr_216,attr_47,attr_203,attr_303,attr_125,attr_328,attr_207,attr_44,attr_121,attr_349,attr_325,attr_179,attr_274,attr_287,attr_273,attr_77,attr_356,attr_309,attr_3,attr_357,attr_200,attr_352,attr_315,attr_92,attr_81,attr_383,attr_211,attr_75,attr_323,attr_196,attr_220,attr_236,attr_48,attr_201,attr_326,attr_119,attr_141,attr_12,attr_56,attr_192,attr_369,attr_343,attr_254,attr_118,attr_334,attr_94,attr_368,attr_158,attr_6,attr_152,attr_159,attr_69,attr_67,attr_235,attr_45,attr_375,attr_21,attr_186,attr_331,attr_218,attr_364,attr_399,attr_113,attr_277,attr_147,attr_129,attr_15,attr_142,attr_138,attr_289,attr_23,attr_264,attr_231,attr_160,attr_155,attr_83,attr_316,attr_362,attr_347,attr_165,attr_241,attr_379,attr_184,attr_321,attr_280,attr_109,attr_112,attr_199,attr_166,attr_295,attr_25,attr_134;sku,attr_373,attr_128,attr_26,attr_225;sku,attr_236,attr_0,attr_295,attr_263
fam_10;"Ipsum non et.";"Omnis nihil voluptatem.";"Nam ad.";"Aut minus ut.";sku;sku,attr_306,attr_98,attr_273,attr_284,attr_397,attr_110,attr_25,attr_20,attr_245,attr_63,attr_202,attr_294,attr_206,attr_304,attr_51,attr_36,attr_17,attr_22,attr_329,attr_117,attr_223,attr_208,attr_392,attr_288,attr_38,attr_175,attr_299,attr_14,attr_157,attr_11,attr_194,attr_353,attr_72,attr_143,attr_172,attr_252,attr_272,attr_347,attr_250,attr_127,attr_19,attr_85,attr_138,attr_371,attr_204,attr_37,attr_173,attr_49,attr_239,attr_139,attr_303,attr_226,attr_199,attr_337,attr_311,attr_141,attr_178,attr_155,attr_234,attr_331,attr_378,attr_160,attr_45,attr_270,attr_383,attr_162,attr_258,attr_43,attr_55,attr_61,attr_322,attr_99,attr_256,attr_374,attr_243,attr_94,attr_292,attr_7,attr_130,attr_335,attr_338,attr_71,attr_324,attr_367,attr_176,attr_327,attr_231,attr_235,attr_254,attr_121,attr_370,attr_307,attr_262,attr_360,attr_375,attr_376,attr_188,attr_219,attr_134;sku,attr_213,attr_172,attr_37,attr_215;sku,attr_326,attr_342,attr_376,attr_10
fam_11;"Iste vero.";"Iure et.";"Molestiae et consequuntur.";"Ipsa consequatur quam.";sku;sku,attr_160,attr_317,attr_172,attr_390,attr_384,attr_352,attr_353,attr_324,attr_173,attr_267,attr_257,attr_44,attr_302,attr_208,attr_207,attr_130,attr_14,attr_141,attr_226,attr_297,attr_247,attr_305,attr_124,attr_201,attr_55,attr_29,attr_222,attr_88,attr_398,attr_56,attr_178,attr_269,attr_26,attr_369,attr_51,attr_8,attr_294,attr_325,attr_233,attr_347,attr_90,attr_342,attr_205,attr_59,attr_387,attr_364,attr_116,attr_274,attr_95,attr_260,attr_202,attr_151,attr_214,attr_163,attr_3,attr_11,attr_334,attr_180,attr_131,attr_319,attr_350,attr_310,attr_376,attr_292,attr_340,attr_210,attr_357,attr_330,attr_345,attr_320,attr_368,attr_272,attr_186,attr_112,attr_30,attr_174,attr_270,attr_282,attr_397,attr_58,attr_123,attr_81,attr_230,attr_236,attr_303,attr_28,attr_0,attr_396,attr_229,attr_25,attr_102,attr_382,attr_125,attr_13,attr_206,attr_279,attr_191,attr_179,attr_115;sku,attr_329,attr_353,attr_6,attr_85;sku,attr_321,attr_342,attr_253,attr_75
fam_12;"Fugit veniam.";"Nemo beatae nulla.";"Numquam consequatur ut.";"Quisquam est maxime.";sku;sku,attr_275,attr_117,attr_312,attr_153,attr_377,attr_334,attr_276,attr_136,attr_1,attr_222,attr_45,attr_193,attr_316,attr_303,attr_212,attr_315,attr_319,attr_119,attr_16,attr_254,attr_221,attr_379,attr_149,attr_182,attr_242,attr_311,attr_126,attr_300,attr_105,attr_253,attr_357,attr_370,attr_225,attr_198,attr_383,attr_374,attr_299,attr_33,attr_296,attr_216,attr_339,attr_289,attr_48,attr_88,attr_5,attr_263,attr_288,attr_140,attr_85,attr_272,attr_207,attr_250,attr_78,attr_259,attr_145,attr_394,attr_205,attr_260,attr_201,attr_321,attr_313,attr_99,attr_167,attr_388,attr_174,attr_293,attr_229,attr_58,attr_396,attr_248,attr_237,attr_375,attr_297,attr_37,attr_112,attr_218,attr_0,attr_94,attr_317,attr_151,attr_392,attr_120,attr_143,attr_277,attr_172,attr_185,attr_91,attr_271,attr_4,attr_318,attr_284,attr_161,attr_351,attr_391,attr_345,attr_324,attr_27,attr_195,attr_364;sku,attr_195,attr_153,attr_270,attr_231;sku,attr_370,attr_128,attr_35,attr_246
fam_13;"Quibusdam sed impedit.";"Nisi similique.";"A commodi.";"Dolor eos.";sku;sku,attr_378,attr_143,attr_205,attr_87,attr_136,attr_199,attr_275,attr_95,attr_76,attr_348,attr_103,attr_167,attr_300,attr_192,attr_349,attr_3,attr_52,attr_132,attr_252,attr_74,attr_353,attr_251,attr_2,attr_70,attr_350,attr_22,attr_15,attr_90,attr_84,attr_42,attr_370,attr_347,attr_248,attr_280,attr_160,attr_296,attr_242,attr_366,attr_222,attr_119,attr_289,attr_134,attr_277,attr_340,attr_301,attr_33,attr_225,attr_239,attr_215,attr_68,attr_85,attr_286,attr_99,attr_128,attr_354,attr_105,attr_351,attr_257,attr_140,attr_260,attr_39,attr_98,attr_213,attr_195,attr_14,attr_115,attr_297,attr_50,attr_324,attr_78,attr_387,attr_54,attr_17,attr_344,attr_302,attr_330,attr_315,attr_357,attr_314,attr_16,attr_185,attr_230,attr_228,attr_304,attr_388,attr_377,attr_313,attr_396,attr_65,attr_4,attr_281,attr_29,attr_384,attr_360,attr_131,attr_109,attr_159,attr_158,attr_191;sku,attr_221,attr_74,attr_315,attr_240;sku,attr_330,attr_102,attr_61,attr_212
fam_14;"Sint aut.";"Pariatur molestiae reprehenderit.";"Nihil blanditiis laboriosam.";"Repudiandae dicta et.";sku;sku,attr_34,attr_162,attr_199,attr_209,attr_41,attr_248,attr_96,attr_273,attr_11,attr_226,attr_368,attr_151,attr_114,attr_227,attr_25,attr_168,attr_131,attr_274,attr_8,attr_60,attr_166,attr_321,attr_155,attr_251,attr_216,attr_299,attr_325,attr_122,attr_13,attr_379,attr_39,attr_158,attr_90,attr_205,attr_291,attr_4,attr_348,attr_0,attr_247,attr_313,attr_69,attr_390,attr_393,attr_372,attr_324,attr_373,attr_323,attr_245,attr_98,attr_161,attr_339,attr_334,attr_381,attr_89,attr_200,attr_28,attr_220,attr_268,attr_146,attr_172,attr_174,attr_233,attr_29,attr_294,attr_340,attr_152,attr_236,attr_206,attr_386,attr_177,attr_116,attr_267,attr_12,attr_307,attr_391,attr_314,attr_73,attr_298,attr_19,attr_244,attr_225,attr_156,attr_139,attr_144,attr_163,attr_187,attr_79,attr_103,attr_9,attr_124,attr_266,attr_61,attr_333,attr_398,attr_258,attr_329,attr_269,attr_211,attr_83;sku,attr_258,attr_356,attr_234,attr_294;sku,attr_286,attr_250,attr_188,attr_117
fam_15;"Nihil rerum.";"Reprehenderit inventore.";"Ullam voluptatibus id.";"Provident quaerat.";sku;sku,attr_159,attr_310,attr_292,attr_302,attr_178,attr_166,attr_86,attr_54,attr_103,attr_36,attr_277,attr_177,attr_46,attr_290,attr_245,attr_361,attr_168,attr_49,attr_296,attr_218,attr_248,attr_43,attr_345,attr_317,attr_362,attr_82,attr_204,attr_387,attr_358,attr_140,attr_367,attr_95,attr_70,attr_176,attr_253,attr_58,attr_250,attr_383,attr_173,attr_164,attr_90,attr_79,attr_287,attr_300,attr_15,attr_126,attr_214,attr_146,attr_118,attr_303,attr_265,attr_71,attr_291,attr_78,attr_266,attr_390,attr_133,attr_101,attr_379,attr_217,attr_31,attr_336,attr_255,attr_21,attr_94,attr_139,attr_213,attr_105,attr_262,attr_17,attr_67,attr_360,attr_313,attr_339,attr_350,attr_6,attr_77,attr_359,attr_13,attr_30,attr_45,attr_185,attr_219,attr_33,attr_69,attr_247,attr_355,attr_179,attr_198,attr_8,attr_34,attr_363,attr_334,attr_75,attr_158,attr_210,attr_64,attr_331,attr_136;sku,attr_150,attr_347,attr_138,attr_131;sku,attr_272,attr_77,attr_178,attr_397
fam_16;"Ullam qui harum.";"Ipsam iusto.";"Itaque voluptatem.";"Ut perferendis.";sku;sku,attr_330,attr_92,attr_326,attr_0,attr_16,attr_7,attr_311,attr_104,attr_193,attr_285,attr_155,attr_308,attr_224,attr_245,attr_198,attr_82,attr_47,attr_293,attr_274,attr_368,attr_389,attr_166,attr_103,attr_192,attr_355,attr_335,attr_372,attr_164,attr_254,attr_65,attr_204,attr_249,attr_228,attr_162,attr_268,attr_187,attr_396,attr_199,attr_176,attr_35,attr_332,attr_342,attr_371,attr_64,attr_46,attr_267,attr_79,attr_235,attr_93,attr_151,attr_129,attr_90,attr_167,attr_77,attr_226,attr_57,attr_215,attr_136,attr_163,attr_256,attr_125,attr_84,attr_370,attr_142,attr_259,attr_113,attr_350,attr_37,attr_63,attr_123,attr_217,attr_290,attr_110,attr_283,attr_345,attr_358,attr_230,attr_20,attr_1,attr_260,attr_86,attr_99,attr_302,attr_158,attr_299,attr_322,attr_185,attr_190,attr_141,attr_339,attr_149,attr_284,attr_102,attr_171,attr_194,attr_128,attr_357,attr_29,attr_98;sku,attr_168,attr_152,attr_103,attr_382;sku,attr_4,attr_363,attr_221,attr_239
fam_17;"Est et molestiae.";"Et autem ex.";"Recusandae optio officiis.";"Voluptatibus autem dolorem.";sku;sku,attr_298,attr_139,attr_155,attr_304,attr_50,attr_174,attr_47,attr_349,attr_122,attr_364,attr_24,attr_121,attr_227,attr_62,attr_356,attr_87,attr_98,attr_343,attr_370,attr_159,attr_86,attr_158,attr_278,attr_342,attr_111,attr_294,attr_220,attr_291,attr_83,attr_88,attr_211,attr_97,attr_366,attr_376,attr_369,attr_154,attr_217,attr_181,attr_19,attr_221,attr_272,attr_40,attr_152,attr_326,attr_336,attr_73,attr_99,attr_128,attr_284,attr_118,attr_317,attr_372,attr_25,attr_313,attr_206,attr_232,attr_176,attr_18,attr_207,attr_391,attr_362,attr_146,attr_156,attr_89,attr_213,attr_262,attr_193,attr_288,attr_296,attr_236,attr_184,attr_22,attr_196,attr_151,attr_318,attr_115,attr_315,attr_341,attr_3,attr_235,attr_186,attr_106,attr_214,attr_169,attr_209,attr_392,attr_149,attr_290,attr_190,attr_285,attr_4,attr_163,attr_384,attr_299,attr_95,attr_120,attr_255,attr_153,attr_265;sku,attr_219,attr_343,attr_135,attr_230;sku,attr_116,attr_34,attr_207,attr_139
fam_18;"Reiciendis suscipit.";"Aut consequuntur dolores.";"Laboriosam eius quisquam.";"Qui sunt.";sku;sku,attr_290,attr_373,attr_9,attr_176,attr_18,attr_114,attr_202,attr_169,attr_221,attr_56,attr_279,attr_152,attr_251,attr_299,attr_296,attr_87,attr_281,attr_76,attr_334,attr_291,attr_374,attr_10,attr_254,attr_21,attr_35,attr_292,attr_57,attr_69,attr_301,attr_122,attr_19,attr_177,attr_233,attr_323,attr_32,attr_356,attr_295,attr_341,attr_71,attr_264,attr_166,attr_162,attr_111,attr_325,attr_216,attr_350,attr_214,attr_371,attr_182,attr_187,attr_349,attr_229,attr_368,attr_164,attr_312,attr_269,attr_370,attr_314,attr_75,attr_94,attr_52,attr_375,attr_260,attr_79,attr_171,attr_30,attr_335,attr_252,attr_129,attr_136,attr_150,attr_127,attr_89,attr_315,attr_307,attr_141,attr_180,attr_300,attr_234,attr_77,attr_367,attr_286,attr_386,attr_317,attr_173,attr_213,attr_163,attr_24,attr_267,attr_113,attr_272,attr_93,attr_3,attr_379,attr_365,attr_130,attr_205,attr_5,attr_146;sku,attr_109,attr_165,attr_387,attr_261;sku,attr_310,attr_345,attr_398,attr_212
fam_19;"Ut qui.";"Tempora tenetur.";"Voluptatem magnam perferendis.";"Et culpa blanditiis.";sku;sku,attr_315,attr_16,attr_284,attr_2,attr_69,attr_209,attr_305,attr_23,attr_357,attr_318,attr_336,attr_171,attr_132,attr_353,attr_287,attr_288,attr_36,attr_217,attr_306,attr_13,attr_170,attr_328,attr_192,attr_121,attr_375,attr_96,attr_162,attr_296,attr_242,attr_257,attr_352,attr_141,attr_365,attr_76,attr_243,attr_164,attr_104,attr_302,attr_340,attr_75,attr_135,attr_81,attr_263,attr_173,attr_221,attr_380,attr_218,attr_129,attr_358,attr_190,attr_237,attr_387,attr_379,attr_95,attr_47,attr_255,attr_348,attr_32,attr_384,attr_297,attr_286,attr_82,attr_228,attr_179,attr_88,attr_389,attr_21,attr_87,attr_382,attr_224,attr_157,attr_27,attr_212,attr_204,attr_232,attr_46,attr_215,attr_60,attr_361,attr_303,attr_109,attr_113,attr_91,attr_247,attr_42,attr_64,attr_187,attr_34,attr_84,attr_90,attr_79,attr_392,attr_143,attr_200,attr_300,attr_71,attr_65,attr_198,attr_330;sku,attr_270,attr_55,attr_391,attr_233;sku,attr_374,attr_205,attr_220,attr_319
fam_20;"Error voluptatem omnis.";"Enim et.";"Neque enim facilis.";"Repellendus temporibus beatae.";sku;sku,attr_116,attr_138,attr_44,attr_224,attr_393,attr_329,attr_169,attr_372,attr_85,attr_170,attr_297,attr_64,attr_79,attr_195,attr_123,attr_325,attr_14,attr_171,attr_188,attr_218,attr_316,attr_383,attr_394,attr_221,attr_341,attr_154,attr_213,attr_101,attr_102,attr_93,attr_315,attr_22,attr_382,attr_146,attr_58,attr_46,attr_51,attr_48,attr_307,attr_252,attr_217,attr_83,attr_69,attr_8,attr_251,attr_266,attr_134,attr_10,attr_377,attr_210,attr_229,attr_54,attr_302,attr_319,attr_262,attr_150,attr_29,attr_215,attr_106,attr_183,attr_386,attr_160,attr_230,attr_343,attr_130,attr_333,attr_156,attr_249,attr_395,attr_220,attr_321,attr_305,attr_25,attr_34,attr_198,attr_272,attr_65,attr_201,attr_99,attr_28,attr_357,attr_310,attr_284,attr_185,attr_18,attr_326,attr_370,attr_256,attr_376,attr_107,attr_199,attr_6,attr_275,attr_246,attr_92,attr_263,attr_239,attr_227,attr_243;sku,attr_265,attr_113,attr_180,attr_257;sku,attr_171,attr_239,attr_188,attr_387
fam_21;"Voluptas in accusamus.";"Nostrum optio perferendis.";"Voluptas quia reiciendis.";"Adipisci nesciunt natus.";sku;sku,attr_183,attr_352,attr_231,attr_229,attr_152,attr_141,attr_25,attr_24,attr_311,attr_121,attr_197,attr_184,attr_333,attr_272,attr_101,attr_18,attr_81,attr_175,attr_394,attr_23,attr_33,attr_15,attr_304,attr_321,attr_107,attr_364,attr_346,attr_388,attr_87,attr_247,attr_228,attr_36,attr_290,attr_343,attr_138,attr_49,attr_382,attr_31,attr_77,attr_374,attr_233,attr_80,attr_301,attr_11,attr_38,attr_111,attr_66,attr_345,attr_279,attr_365,attr_299,attr_377,attr_134,attr_22,attr_315,attr_161,attr_225,attr_3,attr_13,attr_60,attr_389,attr_358,attr_295,attr_153,attr_348,attr_350,attr_241,attr_166,attr_83,attr_196,attr_28,attr_104,attr_380,attr_368,attr_48,attr_160,attr_42,attr_19,attr_172,attr_339,attr_372,attr_376,attr_235,attr_276,attr_180,attr_258,attr_8,attr_217,attr_148,attr_383,attr_93,attr_78,attr_264,attr_309,attr_140,attr_379,attr_69,attr_357,attr_67;sku,attr_48,attr_145,attr_126,attr_121;sku,attr_350,attr_44,attr_64,attr_207
fam_22;"Officiis quibusdam tempora.";"Eveniet alias blanditiis.";"Sed totam.";"Cumque qui ab.";sku;sku,attr_136,attr_115,attr_142,attr_371,attr_163,attr_293,attr_5,attr_104,attr_92,attr_6,attr_158,attr_214,attr_320,attr_241,attr_119,attr_368,attr_58,attr_69,attr_160,attr_165,attr_12,attr_286,attr_321,attr_98,attr_128,attr_131,attr_31,attr_231,attr_175,attr_275,attr_352,attr_116,attr_376,attr_145,attr_364,attr_164,attr_22,attr_190,attr_133,attr_258,attr_397,attr_254,attr_23,attr_309,attr_283,attr_335,attr_177,attr_327,attr_308,attr_282,attr_299,attr_328,attr_232,attr_180,attr_372,attr_8,attr_201,attr_148,attr_102,attr_64,attr_242,attr_195,attr_88,attr_10,attr_359,attr_223,attr_46,attr_377,attr_324,attr_379,attr_154,attr_35,attr_86,attr_162,attr_387,attr_399,attr_291,attr_340,attr_207,attr_288,attr_268,attr_18,attr_297,attr_257,attr_360,attr_109,attr_322,attr_270,attr_95,attr_27,attr_83,attr_298,attr_209,attr_110,attr_318,attr_52,attr_2,attr_384,attr_383;sku,attr_243,attr_304,attr_338,attr_175;sku,attr_324,attr_219,attr_49,attr_195
fam_23;"Id voluptatibus dolor.";"Voluptatum dolor quod.";"Deserunt ratione.";"Cupiditate esse error.";sku;sku,attr_113,attr_219,attr_256,attr_387,attr_64,attr_330,attr_242,attr_14,attr_25,attr_246,attr_209,attr_235,attr_23,attr_190,attr_189,attr_188,attr_294,attr_140,attr_224,attr_42,attr_63,attr_154,attr_76,attr_98,attr_120,attr_185,attr_317,attr_343,attr_147,attr_145,attr_133,attr_393,attr_54,attr_278,attr_395,attr_254,attr_97,attr_379,attr_346,attr_309,attr_291,attr_148,attr_31,attr_289,attr_57,attr_300,attr_350,attr_72,attr_332,attr_377,attr_261,attr_12,attr_77,attr_203,attr_135,attr_176,attr_114,attr_52,attr_88,attr_384,attr_368,attr_45,attr_123,attr_91,attr_382,attr_137,attr_84,attr_357,attr_258,attr_398,attr_335,attr_298,attr_41,attr_18,attr_143,attr_228,attr_259,attr_171,attr_68,attr_316,attr_55,attr_71,attr_125,attr_49,attr_248,attr_170,attr_26,attr_35,attr_313,attr_327,attr_218,attr_168,attr_48,attr_58,attr_191,attr_342,attr_385,attr_354,attr_157;sku,attr_4,attr_255,attr_295,attr_337;sku,attr_214,attr_212,attr_239,attr_251
fam_24;"Numquam rerum harum.";"Ipsum velit architecto.";"Alias nisi voluptas.";"Aut sint beatae.";sku;sku,attr_222,attr_224,attr_30,attr_84,attr_22,attr_257,attr_246,attr_169,attr_303,attr_29,attr_7,attr_146,attr_47,attr_126,attr_40,attr_380,attr_220,attr_166,attr_290,attr_67,attr_151,attr_94,attr_157,attr_51,attr_299,attr_329,attr_302,attr_214,attr_55,attr_381,attr_311,attr_392,attr_368,attr_370,attr_3,attr_352,attr_9,attr_80,attr_158,attr_210,attr_76,attr_345,attr_82,attr_378,attr_341,attr_315,attr_397,attr_198,attr_180,attr_351,attr_233,attr_200,attr_111,attr_137,attr_196,attr_281,attr_19,attr_339,attr_266,attr_112,attr_377,attr_128,attr_123,attr_393,attr_379,attr_141,attr_2,attr_267,attr_372,attr_238,attr_244,attr_282,attr_241,attr_362,attr_252,attr_37,attr_191,attr_118,attr_263,attr_90,attr_139,attr_225,attr_353,attr_1,attr_183,attr_79,attr_116,attr_237,attr_17,attr_373,attr_298,attr_129,attr_235,attr_170,attr_115,attr_87,attr_268,attr_271,attr_5;sku,attr_347,attr_86,attr_360,attr_297;sku,attr_296,attr_223,attr_83,attr_54
fam_25;"Possimus fugit.";"Modi qui perspiciatis.";"Voluptas et.";"Omnis totam.";sku;sku,attr_368,attr_151,attr_266,attr_144,attr_26,attr_100,attr_313,attr_2,attr_141,attr_330,attr_143,attr_9,attr_252,attr_35,attr_0,attr_197,attr_156,attr_178,attr_66,attr_296,attr_325,attr_71,attr_123,attr_27,attr_120,attr_279,attr_39,attr_236,attr_102,attr_90,attr_258,attr_152,attr_288,attr_129,attr_147,attr_161,attr_181,attr_121,attr_142,attr_146,attr_274,attr_370,attr_51,attr_318,attr_371,attr_320,attr_63,attr_11,attr_41,attr_75,attr_332,attr_307,attr_285,attr_48,attr_20,attr_155,attr_314,attr_101,attr_79,attr_1,attr_278,attr_150,attr_243,attr_131,attr_249,attr_109,attr_148,attr_111,attr_52,attr_277,attr_191,attr_389,attr_269,attr_225,attr_16,attr_376,attr_223,attr_232,attr_324,attr_190,attr_18,attr_251,attr_286,attr_380,attr_4,attr_205,attr_46,attr_89,attr_272,attr_97,attr_353,attr_373,attr_70,attr_58,attr_219,attr_356,attr_398,attr_237,attr_127;sku,attr_228,attr_338,attr_130,attr_82;sku,attr_55,attr_173,attr_84,attr_128
fam_26;"Error iure.";"Amet fuga sed.";"Voluptatum incidunt.";"Nulla voluptatem.";sku;sku,attr_103,attr_92,attr_236,attr_28,attr_227,attr_277,attr_389,attr_184,attr_286,attr_187,attr_47,attr_1,attr_234,attr_10,attr_129,attr_2,attr_359,attr_124,attr_102,attr_172,attr_348,attr_250,attr_82,attr_269,attr_9,attr_341,attr_297,attr_342,attr_394,attr_45,attr_46,attr_93,attr_349,attr_126,attr_192,attr_278,attr_257,attr_100,attr_368,attr_155,attr_96,attr_347,attr_283,attr_280,attr_331,attr_252,attr_314,attr_6,attr_18,attr_293,attr_350,attr_352,attr_58,attr_77,attr_29,attr_16,attr_53,attr_295,attr_66,attr_284,attr_153,attr_188,attr_199,attr_182,attr_307,attr_379,attr_161,attr_74,attr_68,attr_395,attr_97,attr_19,attr_200,attr_25,attr_249,attr_44,attr_48,attr_142,attr_235,attr_158,attr_309,attr_90,attr_132,attr_67,attr_38,attr_8,attr_130,attr_171,attr_52,attr_107,attr_49,attr_336,attr_42,attr_264,attr_344,attr_305,attr_84,attr_254,attr_385;sku,attr_223,attr_373,attr_316,attr_220;sku,attr_382,attr_390,attr_345,attr_45
fam_27;"Tempora nemo.";"Et omnis dolorem.";"Accusamus quam error.";"Velit voluptatibus culpa.";sku;sku,attr_329,attr_202,attr_42,attr_104,attr_383,attr_248,attr_126,attr_313,attr_347,attr_340,attr_150,attr_18,attr_291,attr_213,attr_292,attr_377,attr_57,attr_28,attr_341,attr_149,attr_100,attr_384,attr_24,attr_85,attr_151,attr_96,attr_50,attr_154,attr_90,attr_355,attr_21,attr_161,attr_83,attr_246,attr_194,attr_169,attr_255,attr_219,attr_222,attr_263,attr_282,attr_351,attr_197,attr_58,attr_396,attr_305,attr_236,attr_164,attr_252,attr_308,attr_210,attr_92,attr_179,attr_182,attr_295,attr_141,attr_363,attr_178,attr_256,attr_241,attr_385,attr_371,attr_235,attr_229,attr_220,attr_375,attr_264,attr_394,attr_344,attr_209,attr_175,attr_302,attr_186,attr_327,attr_277,attr_331,attr_307,attr_181,attr_269,attr_15,attr_211,attr_183,attr_339,attr_84,attr_117,attr_312,attr_5,attr_174,attr_127,attr_315,attr_233,attr_239,attr_91,attr_283,attr_56,attr_61,attr_148,attr_101,attr_62;sku,attr_269,attr_116,attr_128,attr_291;sku,attr_352,attr_51,attr_356,attr_264
fam_28;"Iure et.";"Ut architecto.";"Culpa quia esse.";"Non consequatur.";sku;sku,attr_91,attr_349,attr_121,attr_336,attr_325,attr_45,attr_184,attr_73,attr_56,attr_107,attr_81,attr_29,attr_77,attr_377,attr_335,attr_115,attr_352,attr_90,attr_322,attr_394,attr_238,attr_323,attr_312,attr_108,attr_128,attr_317,attr_37,attr_149,attr_71,attr_244,attr_211,attr_60,attr_114,attr_224,attr_83,attr_84,attr_182,attr_30,attr_337,attr_175,attr_112,attr_226,attr_59,attr_308,attr_253,attr_130,attr_170,attr_12,attr_95,attr_332,attr_396,attr_384,attr_218,attr_152,attr_220,attr_201,attr_257,attr_393,attr_124,attr_315,attr_75,attr_98,attr_197,attr_89,attr_301,attr_370,attr_86,attr_355,attr_343,attr_309,attr_379,attr_373,attr_168,attr_135,attr_341,attr_345,attr_282,attr_228,attr_24,attr_291,attr_340,attr_20,attr_327,attr_207,attr_113,attr_181,attr_246,attr_269,attr_26,attr_163,attr_371,attr_78,attr_214,attr_289,attr_286,attr_157,attr_151,attr_111,attr_251;sku,attr_354,attr_210,attr_297,attr_370;sku,attr_159,attr_386,attr_260,attr_87
fam_29;"Quis quae.";"Quis perferendis quo.";"Et libero.";"Et tenetur.";sku;sku,attr_265,attr_208,attr_328,attr_283,attr_370,attr_279,attr_334,attr_35,attr_195,attr_6,attr_342,attr_144,attr_275,attr_50,attr_297,attr_284,attr_57,attr_145,attr_299,attr_151,attr_282,attr_309,attr_319,attr_273,attr_0,attr_294,attr_108,attr_173,attr_133,attr_259,attr_298,attr_331,attr_394,attr_379,attr_143,attr_310,attr_84,attr_153,attr_66,attr_160,attr_77,attr_390,attr_200,attr_165,attr_333,attr_48,attr_312,attr_19,attr_197,attr_61,attr_53,attr_186,attr_246,attr_97,attr_152,attr_74,attr_317,attr_185,attr_205,attr_17,attr_148,attr_102,attr_162,attr_285,attr_142,attr_51,attr_120,attr_308,attr_175,attr_252,attr_266,attr_16,attr_95,attr_242,attr_18,attr_262,attr_292,attr_58,attr_398,attr_336,attr_210,attr_258,attr_37,attr_8,attr_245,attr_159,attr_340,attr_341,attr_346,attr_79,attr_183,attr_179,attr_399,attr_260,attr_87,attr_287,attr_191,attr_44,attr_369;sku,attr_326,attr_263,attr_34,attr_220;sku,attr_110,attr_18,attr_247,attr_153
fam_30;"Accusamus sit.";"Possimus dolore.";"Omnis odio.";"Consequuntur aut maiores.";sku;sku,attr_164,attr_234,attr_2,attr_104,attr_223,attr_155,attr_304,attr_58,attr_209,attr_110,attr_313,attr_255,attr_342,attr_245,attr_272,attr_143,attr_47,attr_194,attr_46,attr_28,attr_282,attr_363,attr_119,attr_365,attr_45,attr_156,attr_193,attr_101,attr_390,attr_325,attr_341,attr_267,attr_293,attr_206,attr_87,attr_295,attr_33,attr_319,attr_192,attr_326,attr_15,attr_0,attr_82,attr_55,attr_205,attr_42,attr_68,attr_298,attr_139,attr_241,attr_356,attr_60,attr_369,attr_56,attr_197,attr_36,attr_18,attr_257,attr_41,attr_222,attr_306,attr_35,attr_388,attr_216,attr_318,attr_380,attr_246,attr_12,attr_187,attr_14,attr_284,attr_63,attr_118,attr_252,attr_360,attr_348,attr_69,attr_230,attr_329,attr_181,attr_217,attr_271,attr_220,attr_53,attr_305,attr_171,attr_354,attr_387,attr_333,attr_25,attr_240,attr_235,attr_261,attr_331,attr_276,attr_34,attr_292,attr_22,attr_336;sku,attr_207,attr_222,attr_52,attr_55;sku,attr_233,attr_319,attr_373,attr_121
fam_31;"Eos atque praesentium.";"Iure fuga.";"Voluptatem modi.";"Voluptatem vel ducimus.";sku;sku,attr_29,attr_257,attr_88,attr_202,attr_130,attr_303,attr_231,attr_153,attr_184,attr_234,attr_152,attr_277,attr_251,attr_339,attr_248,attr_101,attr_82,attr_56,attr_67,attr_81,attr_269,attr_35,attr_164,attr_252,attr_12,attr_390,attr_385,attr_194,attr_95,attr_136,attr_307,attr_132,attr_263,attr_41,attr_180,attr_47,attr_334,attr_348,attr_272,attr_268,attr_1,attr_322,attr_103,attr_297,attr_254,attr_386,attr_293,attr_266,attr_344,attr_262,attr_376,attr_53,attr_306,attr_65,attr_345,attr_16,attr_36,attr_175,attr_178,attr_341,attr_379,attr_102,attr_332,attr_299,attr_122,attr_366,attr_135,attr_212,attr_61,attr_151,attr_93,attr_383,attr_373,attr_167,attr_24,attr_312,attr_70,attr_214,attr_243,attr_86,attr_138,attr_115,attr_380,attr_117,attr_87,attr_4,attr_253,attr_281,attr_250,attr_302,attr_267,attr_353,attr_226,attr_285,attr_370,attr_146,attr_271,attr_166,attr_149;sku,attr_178,attr_103,attr_290,attr_89;sku,attr_325,attr_51,attr_295,attr_275
fam_32;"Quia fugiat non.";"Eius voluptatibus.";"Consectetur sit.";"Aut adipisci.";sku;sku,attr_50,attr_240,attr_23,attr_268,attr_178,attr_335,attr_336,attr_277,attr_157,attr_139,attr_0,attr_170,attr_171,attr_365,attr_353,attr_135,attr_163,attr_325,attr_390,attr_207,attr_22,attr_13,attr_383,attr_304,attr_173,attr_395,attr_398,attr_381,attr_151,attr_217,attr_83,attr_233,attr_290,attr_281,attr_285,attr_181,attr_321,attr_169,attr_55,attr_269,attr_35,attr_387,attr_253,attr_310,attr_177,attr_259,attr_225,attr_303,attr_208,attr_295,attr_88,attr_158,attr_242,attr_81,attr_26,attr_61,attr_333,attr_352,attr_270,attr_30,attr_73,attr_67,attr_372,attr_138,attr_165,attr_363,attr_14,attr_210,attr_107,attr_385,attr_130,attr_74,attr_115,attr_376,attr_159,attr_345,attr_342,attr_199,attr_56,attr_274,attr_24,attr_53,attr_129,attr_161,attr_101,attr_134,attr_123,attr_382,attr_367,attr_187,attr_284,attr_287,attr_132,attr_362,attr_102,attr_38,attr_338,attr_121,attr_294;sku,attr_239,attr_273,attr_238,attr_205;sku,attr_363,attr_329,attr_346,attr_288
fam_33;"Non recusandae ullam.";"Ducimus maiores.";"Enim est minima.";"Expedita voluptatem et.";sku;sku,attr_222,attr_61,attr_280,attr_308,attr_146,attr_135,attr_194,attr_95,attr_342,attr_252,attr_238,attr_91,attr_337,attr_200,attr_229,attr_127,attr_262,attr_154,attr_133,attr_278,attr_34,attr_343,attr_156,attr_240,attr_276,attr_245,attr_285,attr_297,attr_100,attr_394,attr_184,attr_105,attr_134,attr_117,attr_399,attr_168,attr_167,attr_190,attr_365,attr_72,attr_21,attr_51,attr_378,attr_274,attr_298,attr_397,attr_372,attr_73,attr_209,attr_370,attr_0,attr_112,attr_193,attr_85,attr_387,attr_93,attr_54,attr_359,attr_338,attr_361,attr_14,attr_241,attr_188,attr_35,attr_46,attr_56,attr_161,attr_302,attr_40,attr_7,attr_226,attr_182,attr_231,attr_269,attr_44,attr_275,attr_290,attr_158,attr_28,attr_261,attr_148,attr_211,attr_292,attr_374,attr_313,attr_351,attr_108,attr_352,attr_181,attr_67,attr_41,attr_155,attr_81,attr_305,attr_62,attr_138,attr_145,attr_125,attr_350;sku,attr_169,attr_28,attr_101,attr_316;sku,attr_287,attr_103,attr_362,attr_95
fam_34;"Voluptas error.";"Quae molestias voluptas.";"A ut incidunt.";"Recusandae voluptatem harum.";sku;sku,attr_395,attr_170,attr_83,attr_243,attr_120,attr_32,attr_249,attr_254,attr_320,attr_89,attr_241,attr_286,attr_98,attr_327,attr_91,attr_292,attr_339,attr_163,attr_86,attr_196,attr_303,attr_289,attr_389,attr_88,attr_90,attr_48,attr_227,attr_108,attr_319,attr_13,attr_64,attr_230,attr_80,attr_294,attr_264,attr_156,attr_103,attr_217,attr_363,attr_75,attr_300,attr_369,attr_158,attr_11,attr_125,attr_352,attr_173,attr_296,attr_222,attr_182,attr_154,attr_368,attr_208,attr_175,attr_1,attr_161,attr_338,attr_325,attr_371,attr_183,attr_39,attr_41,attr_299,attr_126,attr_388,attr_188,attr_9,attr_336,attr_252,attr_18,attr_114,attr_280,attr_309,attr_275,attr_105,attr_301,attr_21,attr_0,attr_237,attr_143,attr_348,attr_265,attr_118,attr_14,attr_104,attr_245,attr_12,attr_373,attr_220,attr_212,attr_318,attr_67,attr_281,attr_31,attr_253,attr_263,attr_365,attr_382,attr_20;sku,attr_384,attr_70,attr_51,attr_215;sku,attr_378,attr_190,attr_362,attr_5
fam_35;"Nobis numquam.";"Maxime consequatur quasi.";"Expedita reprehenderit.";"Blanditiis repellat.";sku;sku,attr_204,attr_216,attr_222,attr_380,attr_194,attr_1,attr_8,attr_168,attr_322,attr_117,attr_114,attr_341,attr_208,attr_327,attr_26,attr_5,attr_146,attr_130,attr_211,attr_160,attr_344,attr_77,attr_250,attr_21,attr_121,attr_267,attr_227,attr_258,attr_338,attr_16,attr_337,attr_232,attr_172,attr_134,attr_248,attr_169,attr_226,attr_88,attr_189,attr_307,attr_100,attr_259,attr_82,attr_73,attr_375,attr_22,attr_163,attr_290,attr_198,attr_223,attr_325,attr_260,attr_352,attr_340,attr_388,attr_0,attr_225,attr_81,attr_249,attr_339,attr_393,attr_149,attr_15,attr_43,attr_44,attr_387,attr_285,attr_141,attr_158,attr_234,attr_58,attr_167,attr_143,attr_186,attr_147,attr_13,attr_105,attr_106,attr_55,attr_335,attr_255,attr_39,attr_343,attr_282,attr_115,attr_145,attr_157,attr_240,attr_122,attr_70,attr_179,attr_231,attr_356,attr_110,attr_23,attr_126,attr_219,attr_275,attr_203;sku,attr_159,attr_68,attr_181,attr_392;sku,attr_204,attr_73,attr_166,attr_21
fam_36;"Iure aut dicta.";"Nam quia reprehenderit.";"Sunt esse.";"Qui porro quod.";sku;sku,attr_10,attr_283,attr_317,attr_77,attr_55,attr_103,attr_235,attr_129,attr_234,attr_336,attr_169,attr_39,attr_83,attr_31,attr_120,attr_114,attr_206,attr_93,attr_335,attr_272,attr_212,attr_286,attr_277,attr_98,attr_285,attr_48,attr_148,attr_97,attr_138,attr_110,attr_23,attr_50,attr_9,attr_5,attr_360,attr_326,attr_330,attr_379,attr_188,attr_162,attr_278,attr_134,attr_228,attr_203,attr_198,attr_289,attr_300,attr_350,attr_240,attr_87,attr_370,attr_208,attr_368,attr_385,attr_173,attr_257,attr_311,attr_58,attr_238,attr_256,attr_237,attr_384,attr_191,attr_13,attr_388,attr_252,attr_28,attr_168,attr_90,attr_196,attr_291,attr_20,attr_381,attr_395,attr_17,attr_151,attr_75,attr_349,attr_122,attr_341,attr_369,attr_284,attr_352,attr_19,attr_70,attr_135,attr_331,attr_181,attr_101,attr_155,attr_320,attr_302,attr_25,attr_66,attr_223,attr_313,attr_144,attr_180,attr_152;sku,attr_67,attr_222,attr_341,attr_327;sku,attr_383,attr_151,attr_122,attr_260
fam_37;"Est illum nesciunt.";"Ut fugit.";"Est labore sed.";"Aliquam qui.";sku;sku,attr_310,attr_38,attr_275,attr_113,attr_322,attr_234,attr_139,attr_297,attr_73,attr_87,attr_370,attr_214,attr_60,attr_332,attr_287,attr_164,attr_105,attr_260,attr_340,attr_135,attr_374,attr_292,attr_209,attr_388,attr_221,attr_203,attr_75,attr_306,attr_350,attr_77,attr_51,attr_76,attr_114,attr_106,attr_157,attr_257,attr_222,attr_334,attr_308,attr_144,attr_330,attr_253,attr_313,attr_302,attr_381,attr_327,attr_349,attr_160,attr_103,attr_240,attr_161,attr_155,attr_186,attr_343,attr_180,attr_72,attr_320,attr_254,attr_205,attr_369,attr_235,attr_391,attr_169,attr_272,attr_165,attr_262,attr_301,attr_53,attr_11,attr_363,attr_29,attr_200,attr_295,attr_149,attr_210,attr_304,attr_138,attr_224,attr_66,attr_377,attr_223,attr_195,attr_68,attr_249,attr_231,attr_35,attr_45,attr_61,attr_265,attr_326,attr_371,attr_329,attr_389,attr_307,attr_314,attr_81,attr_390,attr_70,attr_339;sku,attr_374,attr_238,attr_398,attr_85;sku,attr_308,attr_370,attr_5,attr_261
fam_38;"Reiciendis esse labore.";"Id est.";"Delectus et.";"Suscipit culpa.";sku;sku,attr_73,attr_44,attr_232,attr_120,attr_372,attr_25,attr_275,attr_369,attr_77,attr_160,attr_367,attr_276,attr_234,attr_69,attr_55,attr_323,attr_156,attr_202,attr_87,attr_109,attr_192,attr_117,attr_54,attr_313,attr_90,attr_333,attr_204,attr_113,attr_4,attr_174,attr_139,attr_130,attr_19,attr_177,attr_102,attr_261,attr_353,attr_300,attr_339,attr_213,attr_200,attr_75,attr_194,attr_326,attr_123,attr_145,attr_180,attr_144,attr_41,attr_65,attr_297,attr_184,attr_16,attr_222,attr_225,attr_66,attr_248,attr_334,attr_391,attr_128,attr_350,attr_114,attr_47,attr_256,attr_152,attr_72,attr_118,attr_9,attr_268,attr_387,attr_219,attr_346,attr_373,attr_331,attr_314,attr_362,attr_119,attr_208,attr_140,attr_46,attr_170,attr_97,attr_26,attr_385,attr_224,attr_239,attr_271,attr_105,attr_197,attr_91,attr_304,attr_396,attr_217,attr_379,attr_306,attr_1,attr_214,attr_161,attr_149;sku,attr_1,attr_282,attr_215,attr_0;sku,attr_83,attr_319,attr_117,attr_323
fam_39;"Sed iste dolore.";"Autem qui.";"Dolore maxime.";"Reprehenderit accusamus.";sku;sku,attr_215,attr_108,attr_117,attr_61,attr_240,attr_214,attr_303,attr_254,attr_45,attr_192,attr_377,attr_253,attr_287,attr_298,attr_57,attr_281,attr_248,attr_12,attr_39,attr_385,attr_278,attr_307,attr_52,attr_356,attr_25,attr_352,attr_167,attr_13,attr_126,attr_351,attr_219,attr_151,attr_346,attr_105,attr_204,attr_34,attr_195,attr_216,attr_390,attr_123,attr_373,attr_99,attr_317,attr_329,attr_53,attr_283,attr_131,attr_349,attr_344,attr_87,attr_327,attr_239,attr_129,attr_130,attr_2,attr_338,attr_196,attr_361,attr_389,attr_292,attr_211,attr_297,attr_381,attr_110,attr_153,attr_295,attr_332,attr_270,attr_181,attr_177,attr_250,attr_388,attr_72,attr_322,attr_333,attr_107,attr_261,attr_321,attr_342,attr_226,attr_236,attr_6,attr_348,attr_76,attr_282,attr_36,attr_121,attr_328,attr_42,attr_238,attr_267,attr_32,attr_280,attr_179,attr_161,attr_386,attr_98,attr_152,attr_155;sku,attr_387,attr_381,attr_5,attr_124;sku,attr_148,attr_37,attr_153,attr_301
fam_40;"Ea tempora cum.";"Rerum non eos.";"Tenetur error.";"Dolor aut.";sku;sku,attr_65,attr_130,attr_68,attr_358,attr_275,attr_125,attr_211,attr_332,attr_151,attr_218,attr_265,attr_369,attr_336,attr_320,attr_74,attr_308,attr_286,attr_333,attr_285,attr_119,attr_255,attr_235,attr_384,attr_147,attr_9,attr_216,attr_219,attr_267,attr_108,attr_109,attr_214,attr_325,attr_374,attr_133,attr_209,attr_139,attr_6,attr_268,attr_33,attr_271,attr_110,attr_82,attr_150,attr_53,attr_225,attr_201,attr_316,attr_382,attr_192,attr_272,attr_246,attr_165,attr_162,attr_100,attr_297,attr_22,attr_261,attr_89,attr_111,attr_356,attr_354,attr_302,attr_399,attr_71,attr_264,attr_283,attr_96,attr_257,attr_67,attr_367,attr_1,attr_344,attr_376,attr_185,attr_138,attr_86,attr_334,attr_83,attr_102,attr_299,attr_279,attr_27,attr_172,attr_122,attr_149,attr_59,attr_248,attr_233,attr_175,attr_116,attr_179,attr_226,attr_359,attr_113,attr_129,attr_123,attr_254,attr_347,attr_159;sku,attr_223,attr_68,attr_27,attr_399;sku,attr_74,attr_359,attr_189,attr_172
fam_41;"Tenetur doloribus.";"Expedita rerum.";"Voluptates sit.";"Laborum qui.";sku;sku,attr_375,attr_377,attr_266,attr_149,attr_137,attr_317,attr_31,attr_141,attr_140,attr_185,attr_113,attr_323,attr_217,attr_200,attr_174,attr_144,attr_336,attr_108,attr_103,attr_347,attr_208,attr_181,attr_248,attr_176,attr_192,attr_380,attr_271,attr_156,attr_66,attr_232,attr_345,attr_307,attr_265,attr_82,attr_303,attr_187,attr_302,attr_220,attr_112,attr_146,attr_100,attr_8,attr_373,attr_206,attr_114,attr_295,attr_297,attr_252,attr_159,attr_361,attr_324,attr_385,attr_143,attr_242,attr_281,attr_304,attr_89,attr_308,attr_290,attr_243,attr_311,attr_87,attr_253,attr_80,attr_255,attr_276,attr_2,attr_5,attr_282,attr_222,attr_169,attr_84,attr_68,attr_145,attr_261,attr_275,attr_246,attr_7,attr_226,attr_173,attr_83,attr_198,attr_46,attr_15,attr_135,attr_315,attr_116,attr_359,attr_126,attr_362,attr_139,attr_194,attr_102,attr_278,attr_211,attr_390,attr_399,attr_191,attr_71;sku,attr_214,attr_255,attr_89,attr_352;sku,attr_12,attr_120,attr_74,attr_355
fam_42;"Velit nisi suscipit.";"Similique expedita consequatur.";"Sed et officiis.";"Quisquam rerum.";sku;sku,attr_311,attr_246,attr_353,attr_163,attr_356,attr_67,attr_388,attr_258,attr_144,attr_344,attr_245,attr_252,attr_338,attr_222,attr_299,attr_133,attr_88,attr_31,attr_345,attr_194,attr_346,attr_282,attr_212,attr_208,attr_328,attr_333,attr_348,attr_30,attr_168,attr_59,attr_378,attr_363,attr_213,attr_74,attr_339,attr_87,attr_57,attr_274,attr_300,attr_119,attr_237,attr_66,attr_96,attr_322,attr_167,attr_188,attr_7,attr_305,attr_181,attr_72,attr_104,attr_372,attr_253,attr_41,attr_340,attr_9,attr_186,attr_37,attr_337,attr_69,attr_149,attr_91,attr_22,attr_262,attr_229,attr_225,attr_0,attr_215,attr_263,attr_187,attr_143,attr_108,attr_200,attr_309,attr_52,attr_392,attr_10,attr_308,attr_227,attr_158,attr_146,attr_58,attr_195,attr_249,attr_43,attr_259,attr_29,attr_114,attr_239,attr_60,attr_221,attr_159,attr_122,attr_233,attr_291,attr_349,attr_178,attr_92,attr_204;sku,attr_201,attr_54,attr_242,attr_379;sku,attr_167,attr_141,attr_178,attr_6
fam_43;"Sit et nesciunt.";"Necessitatibus numquam.";"Voluptatem modi sint.";"Tempora officia.";sku;sku,attr_305,attr_127,attr_15,attr_66,attr_320,attr_226,attr_299,attr_161,attr_359,attr_91,attr_126,attr_147,attr_353,attr_225,attr_363,attr_361,attr_308,attr_393,attr_316,attr_388,attr_248,attr_117,attr_24,attr_328,attr_73,attr_314,attr_124,attr_339,attr_191,attr_139,attr_205,attr_258,attr_253,attr_231,attr_233,attr_176,attr_168,attr_102,attr_96,attr_310,attr_23,attr_383,attr_219,attr_99,attr_71,attr_120,attr_291,attr_167,attr_329,attr_179,attr_98,attr_200,attr_364,attr_118,attr_370,attr_264,attr_49,attr_387,attr_58,attr_238,attr_216,attr_249,attr_290,attr_115,attr_171,attr_279,attr_357,attr_229,attr_223,attr_100,attr_157,attr_313,attr_52,attr_381,attr_293,attr_349,attr_188,attr_266,attr_321,attr_116,attr_334,attr_50,attr_318,attr_21,attr_277,attr_265,attr_152,attr_237,attr_76,attr_86,attr_224,attr_390,attr_360,attr_371,attr_92,attr_78,attr_213,attr_79,attr_27;sku,attr_5,attr_103,attr_212,attr_79;sku,attr_30,attr_353,attr_109,attr_107
fam_44;"Consequatur totam.";"Nulla labore voluptas.";"Quam quis.";"Autem nemo molestiae.";sku;sku,attr_64,attr_398,attr_195,attr_58,attr_297,attr_38,attr_309,attr_246,attr_59,attr_137,attr_257,attr_176,attr_200,attr_45,attr_190,attr_259,attr_56,attr_240,attr_225,attr_262,attr_372,attr_95,attr_275,attr_232,attr_198,attr_239,attr_210,attr_154,attr_11,attr_315,attr_326,attr_208,attr_31,attr_361,attr_150,attr_22,attr_20,attr_46,attr_295,attr_51,attr_387,attr_376,attr_384,attr_334,attr_304,attr_102,attr_332,attr_157,attr_189,attr_269,attr_393,attr_273,attr_322,attr_16,attr_260,attr_205,attr_311,attr_386,attr_217,attr_23,attr_184,attr_284,attr_161,attr_241,attr_128,attr_374,attr_114,attr_382,attr_290,attr_180,attr_50,attr_224,attr_379,attr_263,attr_71,attr_163,attr_351,attr_324,attr_187,attr_396,attr_104,attr_179,attr_66,attr_108,attr_121,attr_44,attr_363,attr_340,attr_181,attr_25,attr_159,attr_203,attr_199,attr_296,attr_212,attr_276,attr_36,attr_138,attr_79;sku,attr_162,attr_226,attr_223,attr_176;sku,attr_109,attr_172,attr_276,attr_397
fam_45;"Eius accusantium.";"Iste architecto.";"Aut eum a.";"Cum error dolorum.";sku;sku,attr_256,attr_257,attr_163,attr_179,attr_154,attr_323,attr_161,attr_133,attr_371,attr_209,attr_330,attr_230,attr_138,attr_362,attr_48,attr_98,attr_19,attr_7,attr_343,attr_168,attr_332,attr_90,attr_221,attr_311,attr_239,attr_364,attr_390,attr_37,attr_54,attr_106,attr_107,attr_331,attr_66,attr_339,attr_368,attr_272,attr_224,attr_242,attr_367,attr_87,attr_218,attr_64,attr_346,attr_215,attr_157,attr_388,attr_275,attr_191,attr_372,attr_214,attr_353,attr_2,attr_234,attr_78,attr_324,attr_116,attr_359,attr_35,attr_307,attr_284,attr_254,attr_27,attr_42,attr_34,attr_117,attr_148,attr_113,attr_393,attr_378,attr_45,attr_123,attr_201,attr_128,attr_99,attr_270,attr_296,attr_228,attr_9,attr_334,attr_192,attr_92,attr_340,attr_220,attr_282,attr_299,attr_382,attr_88,attr_229,attr_12,attr_169,attr_286,attr_100,attr_321,attr_142,attr_39,attr_186,attr_62,attr_287,attr_327;sku,attr_347,attr_361,attr_45,attr_318;sku,attr_1,attr_354,attr_331,attr_28
fam_46;"Aliquid et et.";"Perferendis voluptatibus molestias.";"Enim dicta.";"Cupiditate eum.";sku;sku,attr_125,attr_57,attr_265,attr_377,attr_320,attr_301,attr_78,attr_295,attr_82,attr_116,attr_311,attr_8,attr_236,attr_391,attr_87,attr_338,attr_273,attr_74,attr_92,attr_220,attr_123,attr_102,attr_200,attr_39,attr_227,attr_154,attr_76,attr_286,attr_278,attr_375,attr_386,attr_143,attr_335,attr_49,attr_50,attr_29,attr_113,attr_359,attr_129,attr_199,attr_333,attr_344,attr_186,attr_242,attr_363,attr_127,attr_235,attr_128,attr_168,attr_58,attr_310,attr_312,attr_45,attr_138,attr_183,attr_196,attr_387,attr_394,attr_12,attr_180,attr_349,attr_44,attr_139,attr_111,attr_120,attr_121,attr_238,attr_31,attr_152,attr_210,attr_398,attr_40,attr_267,attr_97,attr_90,attr_118,attr_133,attr_369,attr_32,attr_340,attr_52,attr_361,attr_380,attr_105,attr_328,attr_112,attr_148,attr_72,attr_104,attr_91,attr_293,attr_9,attr_217,attr_254,attr_207,attr_166,attr_261,attr_266,attr_385;sku,attr_260,attr_350,attr_230,attr_68;sku,attr_75,attr_25,attr_380,attr_53
fam_47;"Molestiae hic.";"Et praesentium.";"At explicabo dolor.";"Eum recusandae dolor.";sku;sku,attr_237,attr_132,attr_318,attr_50,attr_215,attr_155,attr_278,attr_104,attr_267,attr_327,attr_295,attr_349,attr_288,attr_276,attr_117,attr_247,attr_8,attr_329,attr_283,attr_279,attr_214,attr_154,attr_35,attr_218,attr_188,attr_150,attr_157,attr_160,attr_393,attr_217,attr_1,attr_0,attr_184,attr_257,attr_127,attr_24,attr_148,attr_269,attr_293,attr_379,attr_138,attr_210,attr_265,attr_241,attr_173,attr_131,attr_375,attr_75,attr_315,attr_34,attr_226,attr_252,attr_239,attr_45,attr_174,attr_52,attr_234,attr_345,attr_332,attr_146,attr_17,attr_106,attr_19,attr_323,attr_202,attr_6,attr_56,attr_200,attr_197,attr_357,attr_243,attr_336,attr_356,attr_378,attr_290,attr_264,attr_162,attr_342,attr_246,attr_42,attr_54,attr_90,attr_183,attr_338,attr_297,attr_272,attr_305,attr_326,attr_100,attr_344,attr_350,attr_394,attr_147,attr_105,attr_21,attr_301,attr_347,attr_133,attr_165;sku,attr_96,attr_57,attr_139,attr_388;sku,attr_232,attr_22,attr_338,attr_308
fam_48;"Praesentium illum ut.";"Sapiente porro aut.";"Iure vero dolores.";"Enim magni.";sku;sku,attr_131,attr_24,attr_14,attr_47,attr_4,attr_394,attr_332,attr_0,attr_261,attr_173,attr_92,attr_353,attr_317,attr_129,attr_228,attr_343,attr_373,attr_60,attr_137,attr_248,attr_231,attr_257,attr_70,attr_220,attr_331,attr_35,attr_142,attr_358,attr_135,attr_300,attr_242,attr_109,attr_398,attr_205,attr_272,attr_192,attr_252,attr_310,attr_68,attr_115,attr_190,attr_103,attr_206,attr_21,attr_253,attr_43,attr_149,attr_200,attr_125,attr_389,attr_111,attr_148,attr_372,attr_278,attr_140,attr_319,attr_78,attr_49,attr_165,attr_355,attr_97,attr_235,attr_303,attr_123,attr_50,attr_325,attr_19,attr_12,attr_33,attr_246,attr_311,attr_385,attr_396,attr_356,attr_79,attr_378,attr_308,attr_327,attr_374,attr_296,attr_83,attr_96,attr_184,attr_265,attr_274,attr_65,attr_151,attr_240,attr_147,attr_164,attr_336,attr_236,attr_8,attr_239,attr_391,attr_312,attr_126,attr_345,attr_93;sku,attr_374,attr_159,attr_3,attr_114;sku,attr_272,attr_114,attr_318,attr_97
fam_49;"Eum itaque.";"Saepe nisi.";"Laborum maiores.";"Sapiente eum.";sku;sku,attr_393,attr_225,attr_154,attr_107,attr_194,attr_117,attr_343,attr_66,attr_230,attr_47,attr_86,attr_71,attr_337,attr_203,attr_53,attr_94,attr_11,attr_105,attr_200,attr_52,attr_162,attr_177,attr_133,attr_270,attr_146,attr_361,attr_49,attr_282,attr_345,attr_248,attr_227,attr_116,attr_62,attr_186,attr_283,attr_5,attr_252,attr_23,attr_119,attr_83,attr_304,attr_103,attr_185,attr_167,attr_20,attr_394,attr_183,attr_142,attr_276,attr_269,attr_387,attr_31,attr_336,attr_192,attr_176,attr_377,attr_32,attr_274,attr_381,attr_213,attr_370,attr_224,attr_331,attr_171,attr_260,attr_366,attr_287,attr_97,attr_285,attr_70,attr_85,attr_280,attr_29,attr_261,attr_273,attr_181,attr_383,attr_308,attr_114,attr_24,attr_294,attr_41,attr_202,attr_118,attr_264,attr_96,attr_340,attr_247,attr_9,attr_34,attr_386,attr_131,attr_134,attr_198,attr_57,attr_356,attr_257,attr_210,attr_8;sku,attr_201,attr_81,attr_95,attr_12;sku,attr_170,attr_15,attr_137,attr_100
