code;parent;label-fr_FR;label-en_US;label-de_DE;label-ru_RU
master;;"Master Catalog";"Master Catalog";"Master Catalog";"Master Catalog"
master_0;master;"Sed perferendis.";"Eum recusandae.";"Rerum adipisci est.";"Est voluptatem."
master_0_0;master_0;"Sint exercitationem.";"Beatae enim blanditiis.";"Quas iste ipsum.";"Possimus quia ea."
master_0_0_0;master_0_0;"Nam asperiores.";"Aspernatur recusandae dolor.";"Sit quis voluptatem.";"Facilis aperiam."
master_0_0_1;master_0_0;"Ipsam reiciendis sit.";"Voluptatum qui.";"Mollitia sit sunt.";"Quia qui repudiandae."
master_0_0_2;master_0_0;"Non est exercitationem.";"Accusantium mollitia eligendi.";"Blanditiis id aut.";"Quae rerum."
master_0_0_3;master_0_0;"Earum numquam.";"Ad aliquam est.";"Earum illum.";"Et eaque voluptate."
master_0_0_4;master_0_0;"Eligendi inventore ipsum.";"Enim et.";"Sequi qui voluptatum.";"Consequatur necessitatibus quo."
master_0_0_5;master_0_0;"Dolores rerum incidunt.";"Nihil impedit qui.";"Sapiente libero.";"Rerum similique eaque."
master_0_0_6;master_0_0;"Qui quo.";"Voluptas dicta quisquam.";"Error libero voluptas.";"Odio voluptatibus rerum."
master_0_1;master_0;"Perferendis mollitia autem.";"Dolorem voluptatem ex.";"Modi tenetur delectus.";"Facilis tempore."
master_0_1_0;master_0_1;"Iusto est.";"Ex sapiente omnis.";"Earum voluptatem rerum.";"Quae vero beatae."
master_0_1_1;master_0_1;"Beatae omnis.";"Est molestias voluptatem.";"Incidunt qui.";"Quia incidunt."
master_0_1_2;master_0_1;"Aut saepe rem.";"Quisquam corporis.";"Assumenda adipisci.";"Impedit quaerat."
master_0_1_3;master_0_1;"Similique ipsa qui.";"Deleniti dolorem labore.";"Dolores delectus aut.";"Fugiat quia deserunt."
master_0_1_4;master_0_1;"Eaque sapiente repudiandae.";"Dolorum doloremque in.";"Ut aut rerum.";"Placeat ut harum."
master_0_1_5;master_0_1;"Est qui ut.";"Ut est esse.";"Reiciendis maxime ad.";"Sint in similique."
master_0_1_6;master_0_1;"Aliquid ex.";"Laboriosam ducimus veniam.";"Ut numquam.";"Ab id."
master_0_2;master_0;"Omnis recusandae.";"Non enim porro.";"Illum aut vero.";"Perspiciatis sit."
master_0_2_0;master_0_2;"Et est earum.";"Velit dignissimos dolor.";"Cum recusandae ut.";"Est facere."
master_0_2_1;master_0_2;"Aut molestias.";"Illum eveniet.";"Soluta est numquam.";"Excepturi consequatur."
master_0_2_2;master_0_2;"Ad est.";"Et quibusdam voluptate.";"Repellat dolore.";"Nemo sed."
master_0_2_3;master_0_2;"Atque tempore adipisci.";"Et neque.";"Nostrum blanditiis.";"Ipsa soluta veniam."
master_0_2_4;master_0_2;"Quam aperiam praesentium.";"Voluptatem doloremque.";"Officiis similique.";"Modi in."
master_0_2_5;master_0_2;"Excepturi saepe id.";"Aut quia error.";"Quidem distinctio.";"Facilis repellat qui."
master_0_2_6;master_0_2;"Ab alias dolore.";"Autem quidem.";"Eaque culpa.";"Tempore cumque."
master_0_3;master_0;"Enim et.";"Repellendus accusamus explicabo.";"Dolorem eum.";"Voluptas ut inventore."
master_0_3_0;master_0_3;"Earum eius quo.";"Aut qui.";"Necessitatibus architecto ut.";"At laborum."
master_0_3_1;master_0_3;"Error officia.";"Consectetur adipisci.";"Aut reprehenderit maxime.";"Ab sint."
master_0_3_2;master_0_3;"Non molestiae.";"Qui quod.";"Harum ullam.";"Quos numquam."
master_0_3_3;master_0_3;"Voluptatum nihil tempore.";"Sed voluptas.";"Perspiciatis dolore quod.";"Dolor magnam."
master_0_3_4;master_0_3;"Eius eos.";"Recusandae dignissimos.";"Soluta reiciendis.";"Dolores sed."
master_0_3_5;master_0_3;"Distinctio esse nobis.";"Deserunt eos.";"Repellendus excepturi.";"Est veniam."
master_0_3_6;master_0_3;"Et consequatur.";"Pariatur aut.";"Eum quibusdam.";"Quasi eum."
master_0_4;master_0;"Quas deleniti enim.";"Aut et.";"Quia et quis.";"Doloremque nisi."
master_0_4_0;master_0_4;"Illo voluptas minus.";"Dolorem fugit eligendi.";"Quidem at.";"Aspernatur deleniti."
master_0_4_1;master_0_4;"Necessitatibus mollitia.";"Veniam velit sunt.";"Assumenda qui doloribus.";"Fugit deserunt."
master_0_4_2;master_0_4;"Nihil dolorem.";"Optio pariatur.";"Totam enim error.";"Est non voluptatem."
master_0_4_3;master_0_4;"Assumenda laborum.";"Aut ullam.";"Culpa ad.";"Rem facilis."
master_0_4_4;master_0_4;"Quae debitis.";"Cum sapiente.";"Architecto eum.";"Reprehenderit ea."
master_0_4_5;master_0_4;"Quasi qui accusantium.";"Explicabo dignissimos.";"Nobis vitae aut.";"Voluptatum et illum."
master_0_4_6;master_0_4;"Ut ut.";"Maiores nam velit.";"Et quia.";"Impedit tenetur."
master_0_5;master_0;"Ducimus et odio.";"Eum aut.";"Nobis porro.";"Hic amet."
master_0_5_0;master_0_5;"Odit iste.";"Non at modi.";"Ut est.";"Mollitia qui."
master_0_5_1;master_0_5;"Velit sed cupiditate.";"Et quis occaecati.";"Suscipit nisi.";"Consequatur repudiandae."
master_0_5_2;master_0_5;"Fuga autem magnam.";"Harum laborum.";"Sed corrupti ea.";"Rerum ducimus id."
master_0_5_3;master_0_5;"Non dignissimos eaque.";"Blanditiis et.";"Aut et.";"Illum sapiente quas."
master_0_5_4;master_0_5;"In suscipit omnis.";"Sint nihil delectus.";"Non eum dolore.";"Voluptatem consequatur harum."
master_0_5_5;master_0_5;"Dolorum assumenda.";"Laudantium consequatur et.";"Sunt optio voluptate.";"Alias ad iste."
master_0_5_6;master_0_5;"Dolorem assumenda est.";"Et beatae ipsum.";"Itaque enim est.";"Ut ut perspiciatis."
master_0_6;master_0;"Amet quibusdam.";"Ea occaecati.";"Cum impedit sint.";"Excepturi ab ipsum."
master_0_6_0;master_0_6;"Nam et.";"Est vero.";"Eaque totam.";"Libero dolores."
master_0_6_1;master_0_6;"Enim vel voluptatum.";"Ut explicabo.";"Molestiae autem.";"Consequatur voluptatem."
master_0_6_2;master_0_6;"Vel aut.";"Mollitia ipsam.";"Eligendi est.";"Ut quos."
master_0_6_3;master_0_6;"Aut dolorem consequatur.";"Sit eveniet.";"Debitis laborum.";"Nesciunt omnis quod."
master_0_6_4;master_0_6;"Quis est culpa.";"Tempore sed.";"Est sunt.";"Ipsa architecto et."
master_0_6_5;master_0_6;"Vel deserunt quia.";"Ut quisquam qui.";"Magnam libero.";"Ab et."
master_0_6_6;master_0_6;"Omnis recusandae est.";"Sed alias atque.";"Quam dolorem.";"Sed eos."
master_1;master;"Dolor sunt.";"Dicta consectetur.";"Molestiae sequi vel.";"Cum soluta."
master_1_0;master_1;"Sit ea.";"Aliquid optio.";"Et dolorem.";"Eos officiis."
master_1_0_0;master_1_0;"Rerum reiciendis.";"Cumque ipsum delectus.";"Nihil vitae.";"Quaerat nobis corporis."
master_1_0_1;master_1_0;"Omnis officia aliquam.";"Qui id.";"Quas quas.";"Explicabo quae laborum."
master_1_0_2;master_1_0;"Et iste.";"Similique est.";"Sapiente iste.";"Qui sed itaque."
master_1_0_3;master_1_0;"Odit distinctio.";"Sapiente corrupti doloremque.";"Omnis ea.";"Sint odit."
master_1_0_4;master_1_0;"Quod illo.";"Deleniti aliquam aut.";"Aut alias nisi.";"Nisi dolore fugiat."
master_1_0_5;master_1_0;"Distinctio magnam.";"Alias possimus.";"Ab neque.";"Dignissimos sint."
master_1_0_6;master_1_0;"Qui quibusdam architecto.";"Accusamus a laudantium.";"Adipisci earum voluptas.";"Doloremque non."
master_1_1;master_1;"Quo rerum.";"Rerum sit.";"Assumenda ut aut.";"Est molestiae fugiat."
master_1_1_0;master_1_1;"Voluptatem ipsa.";"Corporis asperiores qui.";"Molestias veritatis.";"Ut fuga tempora."
master_1_1_1;master_1_1;"Voluptatum quisquam.";"A velit est.";"Sed minima et.";"Debitis repudiandae."
master_1_1_2;master_1_1;"Distinctio doloremque veniam.";"Fugiat et.";"Ut at dolorum.";"Veritatis qui."
master_1_1_3;master_1_1;"Esse aut nobis.";"Quos doloribus voluptatem.";"Odit eveniet impedit.";"Nobis culpa."
master_1_1_4;master_1_1;"Omnis dignissimos dolores.";"Est beatae hic.";"Et veniam.";"Fuga et."
master_1_1_5;master_1_1;"Rerum et mollitia.";"Molestias dolorum.";"Rem placeat.";"Officiis sed."
master_1_1_6;master_1_1;"Id exercitationem.";"Quia consectetur dolore.";"Alias hic.";"Dolor quod quae."
master_1_2;master_1;"Dolorum ut.";"Ducimus suscipit.";"Quos possimus eveniet.";"Soluta aut."
master_1_2_0;master_1_2;"Iusto ullam.";"Consequatur et earum.";"Placeat quaerat.";"Corrupti velit porro."
master_1_2_1;master_1_2;"Omnis architecto molestias.";"Non minus numquam.";"Et ducimus et.";"Facere incidunt occaecati."
master_1_2_2;master_1_2;"Ipsam facilis.";"Sequi eligendi voluptatem.";"Voluptate ipsa voluptatem.";"Dicta hic beatae."
master_1_2_3;master_1_2;"Quo iusto.";"Et sit necessitatibus.";"Quis quam.";"Aut laboriosam."
master_1_2_4;master_1_2;"Similique in.";"Et ex.";"Commodi quam cupiditate.";"Sed voluptates excepturi."
master_1_2_5;master_1_2;"A et reiciendis.";"Autem magnam dolor.";"Ea libero molestiae.";"Perferendis molestias illum."
master_1_2_6;master_1_2;"Quia quia quis.";"Facilis eos perspiciatis.";"Ipsam quae voluptates.";"Consequatur pariatur nam."
master_1_3;master_1;"Voluptatem ipsam quae.";"Numquam expedita est.";"Ipsum aut nulla.";"Quia molestiae velit."
master_1_3_0;master_1_3;"Voluptas assumenda.";"Sed et et.";"Dignissimos ea.";"Harum dolorum."
master_1_3_1;master_1_3;"Praesentium mollitia.";"Labore non.";"Pariatur incidunt.";"Excepturi ipsam autem."
master_1_3_2;master_1_3;"Consequatur architecto ut.";"Adipisci aut necessitatibus.";"Sit eveniet.";"Iusto eos."
master_1_3_3;master_1_3;"Consequatur suscipit.";"At omnis.";"Possimus dolorum.";"Sapiente qui libero."
master_1_3_4;master_1_3;"Dolorem in.";"Voluptatem assumenda.";"Repellat quisquam.";"Voluptatem dolore."
master_1_3_5;master_1_3;"Quasi nisi accusamus.";"Sit rerum adipisci.";"Non eveniet.";"Ad natus."
master_1_3_6;master_1_3;"Officia sapiente.";"Velit repellendus voluptas.";"Asperiores unde eos.";"Dignissimos et velit."
master_1_4;master_1;"Amet ut.";"Accusantium aut.";"Non magnam quaerat.";"Facere veritatis eveniet."
master_1_4_0;master_1_4;"Ullam non dolore.";"Est eum.";"Odio aliquam.";"Ut dicta."
master_1_4_1;master_1_4;"Omnis recusandae.";"Officia molestiae adipisci.";"Officiis itaque.";"Beatae aut dolorem."
master_1_4_2;master_1_4;"Molestias doloremque aperiam.";"Accusamus nisi.";"Dolores quia.";"Omnis voluptatem."
master_1_4_3;master_1_4;"Ex laboriosam possimus.";"Assumenda maiores et.";"Dolores dolor a.";"Et quo minima."
master_1_4_4;master_1_4;"Voluptatem veritatis.";"Minus fugit.";"Quas ea odio.";"Error earum placeat."
master_1_4_5;master_1_4;"Doloribus debitis.";"Velit veniam.";"Inventore ea id.";"Nisi odit beatae."
master_1_4_6;master_1_4;"Vero nisi repudiandae.";"Esse voluptatem ex.";"Magnam atque.";"Ullam neque eius."
master_1_5;master_1;"Sit dolores.";"Dolor rem.";"Labore sequi.";"Amet qui quo."
master_1_5_0;master_1_5;"Occaecati sit et.";"Placeat dolorem.";"Recusandae ad animi.";"Nam fugit."
master_1_5_1;master_1_5;"Minus commodi.";"Consequuntur voluptas.";"Sed laboriosam.";"Aut suscipit eos."
master_1_5_2;master_1_5;"Beatae qui.";"Et officiis.";"Culpa earum.";"Et deserunt omnis."
master_1_5_3;master_1_5;"Quidem atque autem.";"Illo qui sed.";"Quam inventore laboriosam.";"Autem facilis."
master_1_5_4;master_1_5;"Doloribus molestiae nulla.";"Dolores ratione voluptatem.";"Corrupti velit reiciendis.";"Voluptates aut."
master_1_5_5;master_1_5;"Quia harum ullam.";"Sed nobis.";"Tempore repellat.";"Veritatis similique."
master_1_5_6;master_1_5;"Soluta iure.";"Facere vitae.";"Sit qui sed.";"Explicabo omnis."
master_1_6;master_1;"Consequuntur soluta.";"Voluptatum sint.";"Autem itaque necessitatibus.";"Velit commodi."
master_1_6_0;master_1_6;"Rerum voluptatem.";"Labore quibusdam nostrum.";"Omnis dolorem ex.";"Ut recusandae sed."
master_1_6_1;master_1_6;"Aliquam eaque.";"Cumque consequatur.";"Omnis qui sed.";"Dolorem dolorem."
master_1_6_2;master_1_6;"Nemo aut.";"Atque rem id.";"Eaque soluta unde.";"Aut veritatis."
master_1_6_3;master_1_6;"Vel sit ut.";"Esse ipsam.";"Non quis.";"Quae doloribus eaque."
master_1_6_4;master_1_6;"Repudiandae quaerat voluptas.";"Quidem vero.";"Ipsum quasi.";"Autem voluptatum sint."
master_1_6_5;master_1_6;"Quis nam voluptates.";"Alias sit vitae.";"Veritatis ullam.";"Dolores accusantium nisi."
master_1_6_6;master_1_6;"Sapiente corrupti ut.";"Laboriosam et minus.";"Voluptas similique assumenda.";"Rerum aut corporis."
master_2;master;"Necessitatibus mollitia.";"Autem sed.";"Et sit est.";"Et numquam."
master_2_0;master_2;"Amet ipsa.";"Nihil sunt quia.";"Deserunt in tempora.";"Et dolore aut."
master_2_0_0;master_2_0;"Cupiditate voluptatum.";"Excepturi nihil.";"Provident ipsum voluptatibus.";"Sequi provident."
master_2_0_1;master_2_0;"Expedita sit iste.";"Qui provident non.";"Rerum in.";"Esse explicabo."
master_2_0_2;master_2_0;"Accusantium eos ducimus.";"Explicabo et.";"Voluptatem et voluptas.";"Qui laboriosam velit."
master_2_0_3;master_2_0;"Voluptas facilis.";"Culpa delectus.";"Nobis odit facilis.";"Aliquam voluptas."
master_2_0_4;master_2_0;"Iusto nam perspiciatis.";"Autem ipsam.";"Et distinctio id.";"Deserunt sit."
master_2_0_5;master_2_0;"Quia optio est.";"Ipsa voluptate.";"Eum nesciunt.";"Aut esse accusantium."
master_2_0_6;master_2_0;"Deserunt sed et.";"Assumenda cum.";"Dolorem in.";"Velit voluptatum."
master_2_1;master_2;"Officia reprehenderit.";"Dolor vero dolor.";"Nisi et magni.";"Ut commodi rerum."
master_2_1_0;master_2_1;"Qui dolor.";"Dolorem illo illum.";"Enim blanditiis tempore.";"Veniam molestiae velit."
master_2_1_1;master_2_1;"Nihil perferendis.";"Voluptatem voluptas quasi.";"Quia dolore adipisci.";"Minima omnis."
master_2_1_2;master_2_1;"Et omnis corrupti.";"Ratione illum aspernatur.";"Ut quaerat.";"Et rerum."
master_2_1_3;master_2_1;"Fugit corrupti.";"Aut maxime ea.";"Nulla ad similique.";"Mollitia sed."
master_2_1_4;master_2_1;"Dolores a libero.";"Praesentium et.";"Ut voluptatibus.";"Minima consequatur nostrum."
master_2_1_5;master_2_1;"Quo voluptatum.";"Corrupti tempora.";"Aspernatur et.";"Ea quo quasi."
master_2_1_6;master_2_1;"Quia est ut.";"Quas facilis.";"Excepturi architecto molestiae.";"Quis quo et."
master_2_2;master_2;"Occaecati sit.";"Velit quia.";"Quia enim qui.";"Saepe officiis molestiae."
master_2_2_0;master_2_2;"Est esse aut.";"Architecto voluptas.";"Sequi quia eaque.";"Ducimus perspiciatis maxime."
master_2_2_1;master_2_2;"Eos consequuntur atque.";"Necessitatibus fugit.";"Et nemo.";"Sequi quia et."
master_2_2_2;master_2_2;"Doloribus cupiditate.";"Id architecto.";"Rerum iusto.";"Quasi labore id."
master_2_2_3;master_2_2;"Quod beatae.";"Voluptatem quas vel.";"Maiores velit.";"Officia exercitationem porro."
master_2_2_4;master_2_2;"Est ea sequi.";"Omnis quidem.";"Eos vel eum.";"Modi vel porro."
master_2_2_5;master_2_2;"Et at delectus.";"Odit eum.";"Voluptatum ea occaecati.";"Modi quas ut."
master_2_2_6;master_2_2;"Eum sint.";"Magni ullam voluptatem.";"Nisi tenetur.";"A omnis aut."
master_2_3;master_2;"Facere eaque beatae.";"Vel porro aperiam.";"Qui laudantium quis.";"Corporis voluptatem et."
master_2_3_0;master_2_3;"Quam quae suscipit.";"Sequi rerum laudantium.";"Debitis ex modi.";"Unde sint."
master_2_3_1;master_2_3;"Officiis vel et.";"Et eligendi et.";"Est sapiente.";"Labore ea dolores."
master_2_3_2;master_2_3;"Ut occaecati.";"A aperiam quia.";"Quia quas.";"Architecto et."
master_2_3_3;master_2_3;"Provident voluptatem.";"Id dolor.";"Vel porro.";"Voluptatibus porro."
master_2_3_4;master_2_3;"Non quis.";"Nesciunt suscipit.";"Dolores non porro.";"Omnis aspernatur."
master_2_3_5;master_2_3;"Et aliquam debitis.";"Error vel quae.";"Dolor reprehenderit.";"Quo sint."
master_2_3_6;master_2_3;"Nobis ullam quis.";"Repellendus repudiandae.";"Repudiandae minus earum.";"Qui fugit."
master_2_4;master_2;"Deserunt enim.";"Ut non fugiat.";"Beatae voluptatem.";"Maiores et."
master_2_4_0;master_2_4;"Vel debitis natus.";"Expedita qui.";"Voluptates et quae.";"Consequatur odit."
master_2_4_1;master_2_4;"Qui libero enim.";"Iure dolores ut.";"Et excepturi voluptatem.";"Aperiam nisi pariatur."
master_2_4_2;master_2_4;"In consequuntur voluptas.";"Quia fugit.";"Unde laudantium.";"Sit voluptatem."
master_2_4_3;master_2_4;"Consectetur sit.";"Reiciendis eos.";"Harum voluptates.";"Minima id nostrum."
master_2_4_4;master_2_4;"A inventore nostrum.";"Laudantium expedita.";"Qui molestiae quidem.";"Impedit est accusantium."
master_2_4_5;master_2_4;"Accusamus magnam.";"Consequatur illum consequuntur.";"Est et suscipit.";"Sunt sunt tenetur."
master_2_4_6;master_2_4;"Ab optio quidem.";"Quis dolor quaerat.";"Et iste.";"Eum enim."
master_2_5;master_2;"Enim nesciunt.";"Est qui.";"Ex ullam accusamus.";"Sit modi fuga."
master_2_5_0;master_2_5;"Rerum temporibus expedita.";"Quae est sapiente.";"Laborum sed dolor.";"Veritatis commodi."
master_2_5_1;master_2_5;"Velit officiis officiis.";"Nulla aut dicta.";"Rerum ex.";"Iste sed non."
master_2_5_2;master_2_5;"Consequuntur quaerat molestiae.";"Laboriosam corporis.";"Mollitia reiciendis quis.";"Pariatur sit."
master_2_5_3;master_2_5;"Error non odit.";"Voluptatum maiores quo.";"Incidunt similique.";"Aut et neque."
master_2_5_4;master_2_5;"Inventore est non.";"Aut dolorum sint.";"Dicta recusandae assumenda.";"Maxime fugit et."
master_2_5_5;master_2_5;"Fugit optio id.";"Aut in aut.";"Recusandae optio.";"Asperiores cumque."
master_2_5_6;master_2_5;"Mollitia natus.";"Blanditiis commodi dolore.";"Placeat expedita.";"Adipisci modi ut."
master_2_6;master_2;"Qui at.";"Sed harum voluptatem.";"Aut amet.";"Nesciunt et consequatur."
master_2_6_0;master_2_6;"Rem consequuntur nemo.";"A totam.";"Laborum impedit.";"Dolore rerum non."
master_2_6_1;master_2_6;"Qui veritatis.";"Deleniti aperiam.";"Qui porro doloribus.";"Sit deleniti a."
master_2_6_2;master_2_6;"Nesciunt qui.";"Saepe qui.";"Voluptas eum animi.";"Quaerat repellat sed."
master_2_6_3;master_2_6;"Voluptatibus sit unde.";"Maxime est.";"Dolorum sit rem.";"Iure tempore."
master_2_6_4;master_2_6;"Autem omnis magni.";"Sed sequi asperiores.";"Vero possimus.";"Ut voluptates qui."
master_2_6_5;master_2_6;"Ex aspernatur laborum.";"Natus sed dolores.";"Et illo.";"Et reprehenderit ullam."
master_2_6_6;master_2_6;"Alias in ipsam.";"Error corrupti.";"Aliquam est.";"Eum aperiam."
master_3;master;"Impedit delectus.";"Quia ducimus.";"Eum atque doloremque.";"Unde consequatur."
master_3_0;master_3;"Est sequi illum.";"Aut repudiandae.";"Ut reiciendis.";"Voluptas officia et."
master_3_0_0;master_3_0;"Natus exercitationem rem.";"Et enim.";"Ab dicta.";"Qui sed."
master_3_0_1;master_3_0;"Totam neque.";"Porro quisquam enim.";"Ut rerum nobis.";"Aut sequi voluptatum."
master_3_0_2;master_3_0;"Laborum distinctio.";"Qui perferendis.";"Ea magni facilis.";"Ut nulla."
master_3_0_3;master_3_0;"Corrupti consequatur dolorum.";"Excepturi ducimus repudiandae.";"Tenetur perferendis.";"Exercitationem voluptatem."
master_3_0_4;master_3_0;"Blanditiis eligendi.";"Quos provident.";"Dolorem distinctio.";"Ut quasi ab."
master_3_0_5;master_3_0;"Aut velit.";"Harum sequi.";"Est at distinctio.";"Quo quia nemo."
master_3_0_6;master_3_0;"Sunt sit.";"Sequi nulla.";"Non doloribus nihil.";"Itaque laudantium saepe."
master_3_1;master_3;"Qui voluptatem quia.";"Explicabo voluptatem quaerat.";"Libero tempore modi.";"Nam iusto modi."
master_3_1_0;master_3_1;"Sint et.";"Et temporibus natus.";"Fuga sit rerum.";"Animi dignissimos."
master_3_1_1;master_3_1;"Assumenda corrupti.";"Quasi sed.";"Ut fugit laborum.";"Veritatis dolorem."
master_3_1_2;master_3_1;"Nostrum consequatur.";"A perferendis eos.";"Esse minus.";"Quia voluptatem in."
master_3_1_3;master_3_1;"Amet aut earum.";"Laboriosam ipsa ut.";"Temporibus aut quod.";"Autem ea aut."
master_3_1_4;master_3_1;"Sint id itaque.";"Excepturi itaque reiciendis.";"Eum distinctio.";"Rem esse."
master_3_1_5;master_3_1;"Vel nam.";"Eaque eos.";"Non labore.";"Ab occaecati et."
master_3_1_6;master_3_1;"Praesentium tempora.";"Hic deleniti.";"Porro quas modi.";"Vel omnis."
master_3_2;master_3;"Rem velit.";"Omnis voluptatem.";"Nostrum delectus.";"Laborum non."
master_3_2_0;master_3_2;"Qui aut ipsa.";"Quidem eius.";"Optio placeat.";"Unde debitis velit."
master_3_2_1;master_3_2;"Culpa eveniet voluptas.";"Perferendis asperiores.";"Itaque non.";"Mollitia ad."
master_3_2_2;master_3_2;"Delectus vitae corporis.";"Ea praesentium.";"At optio aut.";"Dolores culpa."
master_3_2_3;master_3_2;"Dolor recusandae dolor.";"Nisi dolores.";"Et nisi.";"Tempora autem quos."
master_3_2_4;master_3_2;"Rem itaque.";"Est autem.";"Earum doloremque et.";"Velit qui."
master_3_2_5;master_3_2;"Accusantium quia ut.";"Autem maxime.";"Qui enim aut.";"Consequatur aut."
master_3_2_6;master_3_2;"Soluta officia.";"Voluptates et dolorum.";"Et deserunt cumque.";"Ut facere."
master_3_3;master_3;"Corporis expedita alias.";"Dolorem aliquam enim.";"Expedita est nesciunt.";"Ullam sunt et."
master_3_3_0;master_3_3;"Ipsa aut.";"Fugit illo fugit.";"Nihil accusantium quis.";"Et in."
master_3_3_1;master_3_3;"Beatae soluta sed.";"Laudantium eos.";"Consequuntur quidem enim.";"Voluptatibus nihil."
master_3_3_2;master_3_3;"Omnis in.";"Eius qui.";"Est dicta.";"Voluptatibus aut repudiandae."
master_3_3_3;master_3_3;"Quam velit.";"Est occaecati quos.";"Provident fugiat amet.";"Deserunt quidem."
master_3_3_4;master_3_3;"Voluptates dolorem nihil.";"Aspernatur maxime pariatur.";"Eius iste ut.";"Ipsa iste ut."
master_3_3_5;master_3_3;"Quo a.";"Nihil expedita nobis.";"Est nihil.";"Soluta accusamus."
master_3_3_6;master_3_3;"Aut a qui.";"Sapiente in voluptates.";"Quam ab repellendus.";"Omnis fugiat."
master_3_4;master_3;"Voluptas suscipit recusandae.";"Maiores ut.";"Libero qui.";"Voluptatem et."
master_3_4_0;master_3_4;"Necessitatibus tenetur.";"Sed occaecati odio.";"In ut consectetur.";"Consequatur possimus."
master_3_4_1;master_3_4;"Nihil accusantium.";"Impedit et.";"Hic vel.";"Vero odio rerum."
master_3_4_2;master_3_4;"Rerum ipsam culpa.";"Ut est.";"Reiciendis maiores voluptas.";"Quas quod dolores."
master_3_4_3;master_3_4;"Voluptas est.";"Eum quam quia.";"Distinctio occaecati.";"Facere rerum dignissimos."
master_3_4_4;master_3_4;"Voluptas nulla.";"Deleniti quis.";"Qui aliquam.";"Est veniam."
master_3_4_5;master_3_4;"Tenetur sed.";"Ut provident.";"Et rerum nihil.";"Cum omnis facere."
master_3_4_6;master_3_4;"Similique iure eum.";"Quas aliquid quo.";"Voluptatem optio.";"Rem quisquam."
master_3_5;master_3;"Totam natus.";"Qui voluptatum.";"Eos amet vel.";"Nostrum nobis."
master_3_5_0;master_3_5;"Tempora ducimus aperiam.";"Aut minus.";"Fugiat libero.";"Impedit et."
master_3_5_1;master_3_5;"Ad porro.";"Consequuntur tenetur non.";"Autem fugiat.";"Et et et."
master_3_5_2;master_3_5;"Minus eaque et.";"Consequuntur labore sed.";"Magnam at rem.";"Hic consequatur ratione."
master_3_5_3;master_3_5;"Deserunt vel.";"Blanditiis earum neque.";"Impedit rerum.";"Et itaque."
master_3_5_4;master_3_5;"Voluptas molestiae.";"Nobis commodi.";"Et adipisci nemo.";"Nobis quo perferendis."
master_3_5_5;master_3_5;"Doloribus esse velit.";"Commodi praesentium.";"Debitis sed velit.";"Nulla delectus et."
master_3_5_6;master_3_5;"Adipisci sequi.";"Et facere autem.";"Dolores voluptas natus.";"Ea assumenda."
master_3_6;master_3;"Nostrum neque dolores.";"Totam eum qui.";"Distinctio praesentium delectus.";"Ratione occaecati qui."
master_3_6_0;master_3_6;"Minus labore harum.";"Et dolorem.";"Ut nemo.";"Dolores magnam."
master_3_6_1;master_3_6;"Explicabo veritatis.";"Officiis illum neque.";"Numquam ducimus soluta.";"Fugiat aut."
master_3_6_2;master_3_6;"Quaerat quae alias.";"Sunt eveniet.";"Doloremque reiciendis fugiat.";"Officia aut voluptatibus."
master_3_6_3;master_3_6;"Omnis consequatur.";"Explicabo possimus iste.";"Ea laborum.";"Quis consequatur neque."
master_3_6_4;master_3_6;"Expedita natus iste.";"Reiciendis deleniti.";"Culpa consectetur.";"Et dicta."
master_3_6_5;master_3_6;"Quo consequatur.";"Eos assumenda.";"Alias dignissimos sed.";"Adipisci quasi quo."
master_3_6_6;master_3_6;"Ea quibusdam veniam.";"Ad et.";"Ullam minus.";"A minima quaerat."
master_4;master;"Ratione ut vero.";"Distinctio corporis.";"Vitae est hic.";"Cumque sit qui."
master_4_0;master_4;"Sapiente a.";"Quia dolorem quasi.";"Laudantium necessitatibus.";"Repellendus vel."
master_4_0_0;master_4_0;"Quisquam animi maiores.";"Nihil aut.";"Et non asperiores.";"Illum aut aliquam."
master_4_0_1;master_4_0;"Odio cupiditate.";"Qui consequuntur.";"Ut consequatur.";"In quis velit."
master_4_0_2;master_4_0;"Esse ut.";"Ea recusandae.";"Consequatur voluptas.";"Quo quis."
master_4_0_3;master_4_0;"Voluptatem consequatur laborum.";"Molestias aliquam.";"Nesciunt et.";"Suscipit nam."
master_4_0_4;master_4_0;"Aut velit.";"At et in.";"Omnis animi velit.";"Qui sed."
master_4_0_5;master_4_0;"Aut rerum nesciunt.";"Quam nobis.";"Maiores quia.";"Voluptatem quia optio."
master_4_0_6;master_4_0;"Laborum laudantium qui.";"Ut asperiores.";"Beatae facilis.";"Suscipit in vel."
master_4_1;master_4;"Dolores debitis odio.";"Quis quibusdam quia.";"Impedit non fugiat.";"Qui et."
master_4_1_0;master_4_1;"Sunt consequatur.";"Dolorem nostrum.";"Sed atque error.";"Et delectus."
master_4_1_1;master_4_1;"Ipsum est doloremque.";"Ut quisquam.";"Dolore rem.";"Consectetur sed."
master_4_1_2;master_4_1;"Asperiores alias.";"Veniam iste.";"Quibusdam voluptatem.";"Libero veritatis."
master_4_1_3;master_4_1;"Ipsam adipisci.";"Culpa dolor.";"Ut optio excepturi.";"Id fuga earum."
master_4_1_4;master_4_1;"Et veritatis voluptas.";"Aperiam et labore.";"At ut quasi.";"Non facere."
master_4_1_5;master_4_1;"Voluptatum a.";"Voluptates aut.";"Aut architecto earum.";"Aperiam numquam."
master_4_1_6;master_4_1;"Minima eligendi.";"Quis nulla voluptas.";"Fugiat nostrum.";"Sed nostrum."
master_4_2;master_4;"Aut excepturi suscipit.";"Sit molestias iusto.";"Sed voluptatibus sint.";"Provident non."
master_4_2_0;master_4_2;"Dicta odio.";"Eligendi necessitatibus eum.";"Omnis unde accusamus.";"Totam repellat."
master_4_2_1;master_4_2;"Facere maxime.";"Numquam ratione minus.";"Ut qui quo.";"Et voluptatibus facilis."
master_4_2_2;master_4_2;"Voluptas molestiae.";"Laboriosam corrupti quis.";"Qui beatae.";"Similique ducimus odio."
master_4_2_3;master_4_2;"Rerum doloribus.";"Perferendis voluptas laudantium.";"Porro quo nostrum.";"Itaque dolorem."
master_4_2_4;master_4_2;"Laboriosam et.";"Omnis vel.";"Quia culpa.";"Qui sequi officiis."
master_4_2_5;master_4_2;"Doloremque voluptatibus.";"Eos eligendi culpa.";"Quis beatae laudantium.";"Exercitationem est aut."
master_4_2_6;master_4_2;"Ipsam et.";"Et quisquam.";"A autem officiis.";"Maiores nihil provident."
master_4_3;master_4;"Aperiam quia ut.";"Itaque quam.";"Ut officiis porro.";"Est perspiciatis."
master_4_3_0;master_4_3;"Omnis et.";"Accusantium et.";"Fugit consequuntur.";"Laudantium ratione consequatur."
master_4_3_1;master_4_3;"Omnis laborum dolor.";"Eum suscipit.";"Sequi maxime nihil.";"Soluta sequi."
master_4_3_2;master_4_3;"Inventore sint.";"Praesentium at adipisci.";"Nulla amet.";"Voluptates minima ipsum."
master_4_3_3;master_4_3;"Fugit beatae.";"Enim praesentium.";"Reiciendis esse.";"Excepturi voluptates tenetur."
master_4_3_4;master_4_3;"Sunt dolores architecto.";"Nobis nesciunt inventore.";"Voluptas est.";"Consectetur ea."
master_4_3_5;master_4_3;"Voluptatem rerum.";"Veniam id in.";"Veniam quos.";"Labore necessitatibus aut."
master_4_3_6;master_4_3;"Et itaque assumenda.";"Culpa quibusdam sit.";"Eius neque.";"Sint aliquam."
master_4_4;master_4;"Dolorem explicabo.";"Eum odio.";"Animi voluptas.";"Voluptas accusamus."
master_4_4_0;master_4_4;"Quis libero et.";"Voluptatem eaque sapiente.";"Incidunt maiores quasi.";"Velit esse."
master_4_4_1;master_4_4;"Quo beatae sapiente.";"Incidunt sint.";"Nobis voluptas omnis.";"Unde quam magnam."
master_4_4_2;master_4_4;"Quisquam est.";"Aliquam odit.";"Quis laboriosam placeat.";"Porro sed nobis."
master_4_4_3;master_4_4;"Expedita et distinctio.";"Sed non porro.";"Perspiciatis corrupti.";"Iste voluptate."
master_4_4_4;master_4_4;"Blanditiis consequuntur.";"Enim omnis veniam.";"Quae quia.";"Unde similique qui."
master_4_4_5;master_4_4;"Minima consequatur hic.";"Libero quo.";"Repellendus quibusdam.";"Numquam doloremque."
master_4_4_6;master_4_4;"Ducimus maxime dolores.";"Nihil itaque distinctio.";"Et earum ut.";"Alias est nemo."
master_4_5;master_4;"Tenetur eveniet.";"Voluptatibus et rerum.";"Aut aut enim.";"Voluptatem doloribus."
master_4_5_0;master_4_5;"Aut enim.";"Omnis vel.";"Eveniet distinctio id.";"Rerum omnis et."
master_4_5_1;master_4_5;"Eveniet velit.";"Recusandae optio.";"Saepe vel.";"Voluptate beatae."
master_4_5_2;master_4_5;"Aut est.";"Distinctio hic.";"Et velit velit.";"Consequatur eum."
master_4_5_3;master_4_5;"Repudiandae iure nihil.";"Enim maiores sit.";"Dolor officia.";"Rem ut maxime."
master_4_5_4;master_4_5;"Similique aut est.";"Ducimus velit suscipit.";"Sequi possimus eaque.";"Eum incidunt."
master_4_5_5;master_4_5;"Fugiat quia.";"Quia velit quam.";"Quia eius libero.";"Facilis id."
master_4_5_6;master_4_5;"Eum mollitia.";"Sunt aspernatur expedita.";"Ut aliquam.";"Enim mollitia."
master_4_6;master_4;"Eligendi enim placeat.";"Numquam consectetur eos.";"Modi ratione.";"Impedit ab."
master_4_6_0;master_4_6;"Delectus nemo.";"Quis quia.";"Corporis sit enim.";"Qui qui doloremque."
master_4_6_1;master_4_6;"Eos qui.";"Ut quaerat laborum.";"Doloribus enim.";"Recusandae velit."
master_4_6_2;master_4_6;"Et enim.";"Dolorem dolores repellat.";"Officiis voluptas ipsam.";"Occaecati explicabo sed."
master_4_6_3;master_4_6;"Rerum alias et.";"Possimus quod ex.";"Ea voluptate vero.";"Corporis eligendi saepe."
master_4_6_4;master_4_6;"Ut ducimus.";"Eligendi qui aut.";"Aliquam architecto.";"Sed et sit."
master_4_6_5;master_4_6;"Ullam laborum beatae.";"Nulla et.";"Consectetur ut.";"Nesciunt commodi molestiae."
master_4_6_6;master_4_6;"Nobis aliquid.";"Perferendis voluptatem et.";"Ut voluptas.";"Labore odio culpa."
master_5;master;"Et ut quos.";"Perspiciatis autem consequatur.";"Quae praesentium minus.";"Alias error."
master_5_0;master_5;"Ut alias vero.";"Rerum voluptate.";"Aspernatur mollitia.";"Qui voluptas."
master_5_0_0;master_5_0;"Incidunt doloremque.";"Ducimus voluptas explicabo.";"In harum.";"Vel voluptas."
master_5_0_1;master_5_0;"Ea recusandae est.";"Sapiente repudiandae.";"Excepturi consequatur.";"Vel pariatur laboriosam."
master_5_0_2;master_5_0;"Suscipit cumque enim.";"Necessitatibus tenetur.";"Tenetur quidem ut.";"Consequatur occaecati at."
master_5_0_3;master_5_0;"Impedit debitis consequuntur.";"Reprehenderit rerum quis.";"Saepe tenetur sunt.";"Reprehenderit qui."
master_5_0_4;master_5_0;"Qui dolores.";"Ipsam quia.";"Dolorem autem.";"Quasi sequi."
master_5_0_5;master_5_0;"Labore totam.";"Placeat perspiciatis alias.";"Eveniet expedita similique.";"Ut amet nesciunt."
master_5_0_6;master_5_0;"Nobis id sed.";"Ut sint at.";"Voluptatem totam unde.";"Nesciunt voluptate."
master_5_1;master_5;"Expedita dicta.";"Molestiae perferendis sit.";"Velit quia.";"Praesentium numquam."
master_5_1_0;master_5_1;"Optio laborum eum.";"Distinctio asperiores sapiente.";"Illo aut.";"Autem dolores exercitationem."
master_5_1_1;master_5_1;"Quos iure minima.";"Autem deserunt laborum.";"Adipisci in ad.";"Dolores quae."
master_5_1_2;master_5_1;"Inventore molestiae sit.";"Iusto accusamus blanditiis.";"Autem excepturi.";"Repellat et."
master_5_1_3;master_5_1;"Delectus possimus.";"Sint aliquam minima.";"Nostrum odit.";"Dolorem unde."
master_5_1_4;master_5_1;"Ut ipsa.";"Iusto vero.";"Sapiente fugit.";"Cum consequatur voluptatem."
master_5_1_5;master_5_1;"Laborum non.";"Dolores autem id.";"Rem voluptate.";"Dicta dolore."
master_5_1_6;master_5_1;"Consequuntur autem architecto.";"Cumque voluptas.";"Aut deserunt.";"Qui facere."
master_5_2;master_5;"Molestias iste et.";"Numquam veniam.";"Quaerat inventore quis.";"Consequuntur ipsam."
master_5_2_0;master_5_2;"Blanditiis necessitatibus.";"Sit natus minima.";"Atque esse soluta.";"Molestiae quae."
master_5_2_1;master_5_2;"Amet eos.";"Assumenda doloremque nemo.";"Eius nesciunt voluptas.";"Omnis repudiandae."
master_5_2_2;master_5_2;"Ducimus voluptate.";"Quia fuga aut.";"Saepe quia et.";"Pariatur perspiciatis et."
master_5_2_3;master_5_2;"Eligendi fuga et.";"Enim eos assumenda.";"Occaecati commodi impedit.";"Autem dolores quisquam."
master_5_2_4;master_5_2;"Qui sed earum.";"Cumque dolore quod.";"Magnam aut.";"Tempore dolor est."
master_5_2_5;master_5_2;"Fugit ducimus.";"Voluptas in.";"Consequatur minima.";"Cumque quae distinctio."
master_5_2_6;master_5_2;"Minima aperiam.";"Laudantium autem.";"Delectus molestias esse.";"Voluptates consequatur."
master_5_3;master_5;"Et et.";"Atque quia quia.";"Enim soluta.";"Autem laudantium."
master_5_3_0;master_5_3;"Possimus qui ad.";"Assumenda omnis natus.";"Nisi optio.";"Mollitia perferendis."
master_5_3_1;master_5_3;"Officia id.";"Aut accusantium.";"Et officia expedita.";"Iure voluptatem."
master_5_3_2;master_5_3;"Amet voluptatibus veritatis.";"Excepturi cupiditate voluptas.";"Possimus ut.";"Pariatur quod."
master_5_3_3;master_5_3;"Magnam amet.";"Non molestias reiciendis.";"Ut a quos.";"Sit consequuntur."
master_5_3_4;master_5_3;"Molestiae sed.";"At aut.";"Quo sequi.";"Sit ducimus ut."
master_5_3_5;master_5_3;"Delectus modi.";"Ab quasi.";"Nobis consequatur.";"Assumenda assumenda."
master_5_3_6;master_5_3;"Magnam earum.";"Quia aliquid.";"Quam optio.";"Porro eaque qui."
master_5_4;master_5;"Sit ea.";"Minima sequi.";"Ullam quis.";"In omnis."
master_5_4_0;master_5_4;"Esse non.";"Expedita est possimus.";"Harum sit quia.";"Consequuntur aliquam."
master_5_4_1;master_5_4;"Et itaque nostrum.";"Quod eveniet vel.";"At doloribus.";"Numquam facilis."
master_5_4_2;master_5_4;"Natus officiis maiores.";"Aut reiciendis.";"Mollitia doloremque iste.";"Totam quo."
master_5_4_3;master_5_4;"Dolor voluptate.";"Dolores fugit nam.";"Sequi enim at.";"Qui et vel."
master_5_4_4;master_5_4;"Ea magnam.";"Quia culpa dicta.";"Porro ut ut.";"Voluptas ea."
master_5_4_5;master_5_4;"Iusto ratione totam.";"Aut ullam nihil.";"Libero deserunt.";"Ipsam saepe."
master_5_4_6;master_5_4;"Inventore qui.";"Consequatur aspernatur aut.";"Et sint.";"Reiciendis qui."
master_5_5;master_5;"Qui ullam dignissimos.";"Repellat consectetur et.";"Eveniet consequuntur.";"Repellendus qui non."
master_5_5_0;master_5_5;"Possimus a.";"Voluptatum vero corrupti.";"Id quod.";"Expedita sapiente dolore."
master_5_5_1;master_5_5;"Adipisci et.";"Doloremque animi tempora.";"Temporibus fugit fugiat.";"Sapiente non aut."
master_5_5_2;master_5_5;"Atque quis.";"Rerum sed voluptatem.";"Doloribus incidunt.";"Exercitationem accusantium dolorem."
master_5_5_3;master_5_5;"Voluptates iusto.";"Facere adipisci deserunt.";"Eum consectetur.";"Modi tempore."
master_5_5_4;master_5_5;"Eaque natus recusandae.";"Sint suscipit.";"Quasi laboriosam voluptates.";"Labore nisi molestiae."
master_5_5_5;master_5_5;"Incidunt at.";"Inventore nihil.";"Debitis velit facilis.";"Id aliquid."
master_5_5_6;master_5_5;"Voluptatem expedita.";"Hic reprehenderit aut.";"Voluptatem qui laborum.";"Quia eaque."
master_5_6;master_5;"Harum repellendus non.";"Placeat porro.";"Amet earum.";"Ipsam dicta."
master_5_6_0;master_5_6;"Alias quaerat.";"Vitae eligendi.";"Ut facilis natus.";"Ex iure."
master_5_6_1;master_5_6;"Tenetur nisi.";"Nemo perferendis.";"Mollitia necessitatibus.";"Minima magnam amet."
master_5_6_2;master_5_6;"Ut vel.";"Quos dolores.";"Deleniti nihil.";"Quia quo."
master_5_6_3;master_5_6;"Commodi voluptate.";"Et magnam rerum.";"Tenetur vel libero.";"Modi illum fuga."
master_5_6_4;master_5_6;"Quia est.";"Consequatur quo consequatur.";"Doloribus nihil et.";"Velit alias."
master_5_6_5;master_5_6;"Quaerat architecto.";"Fuga quo.";"Dolores est.";"Necessitatibus tenetur."
master_5_6_6;master_5_6;"Minima expedita.";"Voluptatem nisi.";"Non autem.";"Rerum hic esse."
master_6;master;"Tempora architecto voluptate.";"Est quam pariatur.";"Hic accusamus.";"Harum aut."
master_6_0;master_6;"Molestiae soluta maiores.";"Porro nesciunt.";"Unde culpa.";"Illo ratione."
master_6_0_0;master_6_0;"Quo repellat.";"Autem cum.";"Sunt ratione.";"Aut quis."
master_6_0_1;master_6_0;"Quo et.";"Dicta placeat sit.";"Cum sunt.";"Amet eius."
master_6_0_2;master_6_0;"Quia harum est.";"Consequatur eos quia.";"Et itaque.";"Voluptatem sit molestiae."
master_6_0_3;master_6_0;"Aperiam est sunt.";"Autem provident expedita.";"Aut expedita qui.";"Aut aut."
master_6_0_4;master_6_0;"Magni numquam.";"Veritatis facilis.";"Et impedit libero.";"Ex fugiat."
master_6_0_5;master_6_0;"Illo iure.";"Recusandae consequatur.";"Ab qui qui.";"Ut odio doloribus."
master_6_0_6;master_6_0;"Et dolor maiores.";"Et maxime ratione.";"Omnis autem.";"Sit perferendis."
master_6_1;master_6;"Aut cum.";"Soluta nobis exercitationem.";"Necessitatibus fuga numquam.";"Ipsa omnis."
master_6_1_0;master_6_1;"Voluptas possimus.";"Voluptatum et.";"Ut architecto saepe.";"Est delectus."
master_6_1_1;master_6_1;"Molestiae quidem perspiciatis.";"Ut voluptatem.";"Odio sapiente.";"Illum repudiandae."
master_6_1_2;master_6_1;"Consequatur voluptas officia.";"Nulla dicta.";"Et fuga quia.";"Possimus voluptatem illum."
master_6_1_3;master_6_1;"Ipsa quia cum.";"Ab nihil ut.";"Sit repellat.";"Nemo nihil aut."
master_6_1_4;master_6_1;"Odit et.";"Quod quo.";"Beatae recusandae nulla.";"Aliquam dolorem hic."
master_6_1_5;master_6_1;"Et blanditiis.";"Rerum eos.";"Sed deleniti.";"Et nulla est."
master_6_1_6;master_6_1;"Necessitatibus voluptas.";"Sed eius est.";"Tempora qui ad.";"Dolore et aut."
master_6_2;master_6;"Distinctio quia placeat.";"Deserunt exercitationem.";"Voluptatem illo.";"Mollitia a."
master_6_2_0;master_6_2;"Et vel.";"Deserunt laboriosam.";"Hic fugit.";"Voluptatum eaque culpa."
master_6_2_1;master_6_2;"Cum velit cupiditate.";"Incidunt debitis.";"Est officia.";"Occaecati neque."
master_6_2_2;master_6_2;"In laudantium sit.";"Qui quidem.";"Blanditiis est et.";"Fugit ea."
master_6_2_3;master_6_2;"Mollitia non.";"Voluptatibus quia tempore.";"Enim iste vel.";"Sit blanditiis."
master_6_2_4;master_6_2;"Iure nam.";"Officiis veniam consequuntur.";"Facere animi.";"Doloremque odit suscipit."
master_6_2_5;master_6_2;"Et qui qui.";"Architecto dolorem.";"Tempore molestiae qui.";"Rem voluptatum quos."
master_6_2_6;master_6_2;"Placeat iusto consectetur.";"Perspiciatis aut.";"Mollitia illum ut.";"Quia fugit animi."
master_6_3;master_6;"Delectus iste rerum.";"Velit beatae odit.";"Non aut consequatur.";"Ut corrupti."
master_6_3_0;master_6_3;"Neque perspiciatis ducimus.";"Voluptatem officiis sit.";"Quisquam aspernatur.";"Blanditiis voluptas."
master_6_3_1;master_6_3;"Est quidem in.";"Tenetur esse.";"Magni saepe laborum.";"Minus quisquam."
master_6_3_2;master_6_3;"Blanditiis eligendi odit.";"Eligendi illum.";"Dolor facilis.";"Et ducimus."
master_6_3_3;master_6_3;"Cupiditate ut omnis.";"Nulla sunt.";"Nemo assumenda.";"Et ex."
master_6_3_4;master_6_3;"Optio deleniti.";"Doloribus esse sequi.";"At sunt.";"Laudantium rem."
master_6_3_5;master_6_3;"Nobis maxime rem.";"Iusto repellendus.";"Qui minus voluptas.";"Minima ducimus."
master_6_3_6;master_6_3;"Cumque sint.";"Aspernatur eum dolorem.";"Nihil eaque officia.";"Nisi quidem expedita."
master_6_4;master_6;"Est amet.";"Architecto aut dolor.";"Quo id ipsa.";"Quisquam maiores quia."
master_6_4_0;master_6_4;"Assumenda quo deserunt.";"Blanditiis animi.";"Beatae rerum quo.";"In ducimus."
master_6_4_1;master_6_4;"Sed non.";"Vitae est ut.";"Quae velit voluptatem.";"Ut consequatur repellat."
master_6_4_2;master_6_4;"Non ipsam.";"Sit consequatur.";"Consequatur sed excepturi.";"Quibusdam corporis ab."
master_6_4_3;master_6_4;"Occaecati quo.";"Dignissimos laudantium laudantium.";"Dolores quod eveniet.";"Dolore quis quidem."
master_6_4_4;master_6_4;"Magni architecto.";"Nesciunt eveniet earum.";"Inventore est.";"Autem quisquam harum."
master_6_4_5;master_6_4;"Odit laboriosam accusamus.";"Rerum aut laborum.";"Enim accusamus eius.";"Molestias sint."
master_6_4_6;master_6_4;"Voluptas voluptatibus.";"In asperiores.";"Veniam perspiciatis.";"Ipsa incidunt."
master_6_5;master_6;"Sed laboriosam.";"Aliquid laudantium asperiores.";"Dolorem aut vero.";"Quod eligendi dolorum."
master_6_5_0;master_6_5;"Qui asperiores.";"Ut alias ducimus.";"Labore rerum.";"Vel omnis commodi."
master_6_5_1;master_6_5;"Est ullam dignissimos.";"Qui reprehenderit.";"Velit sunt.";"Aut nobis veniam."
master_6_5_2;master_6_5;"Tenetur facere commodi.";"Ex aliquid cupiditate.";"Quis et.";"Dolor error quia."
master_6_5_3;master_6_5;"Cum autem placeat.";"Natus iure sed.";"Eaque itaque.";"Eum hic."
master_6_5_4;master_6_5;"Quis minima voluptatibus.";"Dignissimos commodi.";"Repudiandae et voluptas.";"Occaecati quisquam."
master_6_5_5;master_6_5;"Omnis aliquid.";"Labore quis in.";"Laudantium consequatur.";"Velit rerum doloribus."
master_6_5_6;master_6_5;"Perferendis et occaecati.";"Eligendi est.";"Deleniti quo.";"Sit nisi."
master_6_6;master_6;"Eveniet aliquid.";"Suscipit sapiente rerum.";"Minima aut alias.";"Autem molestiae praesentium."
master_6_6_0;master_6_6;"Nostrum architecto aut.";"Atque dolores fuga.";"Ut aut molestiae.";"Similique aspernatur."
master_6_6_1;master_6_6;"Dignissimos molestiae et.";"Et quaerat.";"Illum eum quam.";"Voluptates alias."
master_6_6_2;master_6_6;"Quisquam fugiat unde.";"Aut debitis.";"Similique dicta.";"Corrupti impedit."
master_6_6_3;master_6_6;"Velit aut veniam.";"Facere illum.";"Qui quia consequatur.";"Est rerum iure."
master_6_6_4;master_6_6;"Temporibus autem quia.";"Esse alias recusandae.";"Suscipit veritatis ratione.";"Nisi commodi."
master_6_6_5;master_6_6;"Omnis dolor.";"Occaecati exercitationem.";"Aut nostrum.";"Nobis doloribus rerum."
master_6_6_6;master_6_6;"Aut sequi.";"Porro non aut.";"Blanditiis impedit.";"Rerum sit enim."
