code;label-fr_FR;label-en_US;label-ru_RU;label-it_IT;attribute_as_label;attributes;requirements-ecommerce;requirements-print
fam_0;"Sed perferendis.";"Eum recusandae.";"Rerum adipisci est.";"Est voluptatem.";name;sku,name,attr_124,attr_206,attr_117,attr_326,attr_31,attr_182,attr_397,attr_200,attr_222,attr_68,attr_236,attr_303,attr_128,attr_161,attr_196,attr_265,attr_398,attr_337,attr_40,attr_373,attr_312,attr_252,attr_132,attr_115,attr_127,attr_120,attr_257,attr_14,attr_377,attr_125,attr_391,attr_7,attr_8,attr_190,attr_157,attr_298,attr_239,attr_72,attr_228,attr_267,attr_69,attr_234,attr_365,attr_221,attr_210,attr_309,attr_232,attr_9,attr_277,attr_238,attr_181,attr_295,attr_390,attr_93,attr_18,attr_256,attr_52,attr_376,attr_85,attr_285,attr_109,attr_101,attr_189,attr_327,attr_229,attr_261,attr_163,attr_387,attr_276,attr_24,attr_90,attr_123,attr_358,attr_62,attr_180,attr_191,attr_269,attr_324,attr_355,attr_284,attr_286,attr_54,attr_92,attr_169,attr_283,attr_57,attr_156,attr_385,attr_235,attr_354,attr_226,attr_15,attr_393,attr_336,attr_34,attr_289,attr_275,attr_360,attr_176;sku,attr_360,attr_336,attr_123,name;sku,attr_52,attr_157,attr_156,attr_128
fam_1;"Ex soluta.";"Tenetur delectus.";"Facilis tempore.";"Iusto est.";name;sku,name,attr_382,attr_142,attr_385,attr_304,attr_392,attr_376,attr_128,attr_378,attr_218,attr_18,attr_342,attr_31,attr_85,attr_220,attr_205,attr_275,attr_202,attr_9,attr_129,attr_92,attr_157,attr_48,attr_91,attr_229,attr_322,attr_356,attr_187,attr_64,attr_289,attr_121,attr_60,attr_307,attr_77,attr_189,attr_283,attr_102,attr_235,attr_226,attr_16,attr_291,attr_210,attr_191,attr_67,attr_95,attr_233,attr_198,attr_386,attr_321,attr_331,attr_332,attr_130,attr_237,attr_319,attr_14,attr_365,attr_396,attr_247,attr_12,attr_159,attr_216,attr_107,attr_40,attr_255,attr_295,attr_298,attr_387,attr_252,attr_208,attr_243,attr_57,attr_138,attr_215,attr_242,attr_166,attr_259,attr_391,attr_110,attr_227,attr_63,attr_141,attr_352,attr_135,attr_179,attr_113,attr_144,attr_94,attr_45,attr_20,attr_294,attr_178,attr_221,attr_373,attr_225,attr_211,attr_108,attr_287,attr_204,attr_327,attr_351;sku,attr_45,attr_191,attr_365,name;sku,attr_247,attr_20,attr_57,attr_211
fam_2;"Velit dignissimos dolor.";"Cum recusandae ut.";"Est facere.";"Aut molestias.";name;sku,name,attr_194,attr_327,attr_359,attr_299,attr_272,attr_289,attr_86,attr_107,attr_205,attr_1,attr_154,attr_109,attr_259,attr_308,attr_320,attr_318,attr_162,attr_126,attr_399,attr_98,attr_143,attr_123,attr_213,attr_340,attr_193,attr_268,attr_77,attr_22,attr_362,attr_65,attr_79,attr_117,attr_181,attr_220,attr_17,attr_112,attr_167,attr_13,attr_183,attr_36,attr_127,attr_12,attr_74,attr_349,attr_226,attr_139,attr_88,attr_159,attr_382,attr_204,attr_356,attr_242,attr_378,attr_44,attr_69,attr_225,attr_131,attr_254,attr_263,attr_258,attr_398,attr_57,attr_381,attr_20,attr_99,attr_317,attr_150,attr_15,attr_232,attr_3,attr_269,attr_280,attr_78,attr_108,attr_172,attr_207,attr_314,attr_348,attr_37,attr_66,attr_331,attr_306,attr_106,attr_23,attr_296,attr_377,attr_334,attr_389,attr_158,attr_274,attr_355,attr_29,attr_138,attr_149,attr_341,attr_244,attr_163,attr_235,attr_76;sku,attr_399,attr_207,attr_158,attr_13;sku,attr_280,attr_117,attr_359,attr_242
fam_3;"Non molestiae.";"Qui quod.";"Harum ullam.";"Quos numquam.";name;sku,name,attr_247,attr_190,attr_169,attr_269,attr_214,attr_130,attr_216,attr_218,attr_98,attr_296,attr_64,attr_312,attr_101,attr_172,attr_87,attr_55,attr_88,attr_373,attr_177,attr_158,attr_272,attr_391,attr_53,attr_198,attr_80,attr_306,attr_264,attr_166,attr_273,attr_113,attr_237,attr_343,attr_83,attr_314,attr_204,attr_127,attr_274,attr_114,attr_97,attr_346,attr_146,attr_182,attr_339,attr_40,attr_58,attr_331,attr_318,attr_103,attr_28,attr_153,attr_275,attr_200,attr_191,attr_107,attr_27,attr_3,attr_96,attr_316,attr_82,attr_251,attr_115,attr_73,attr_11,attr_137,attr_390,attr_21,attr_293,attr_221,attr_329,attr_45,attr_276,attr_186,attr_254,attr_340,attr_126,attr_192,attr_41,attr_355,attr_239,attr_112,attr_79,attr_36,attr_308,attr_328,attr_395,attr_236,attr_63,attr_282,attr_330,attr_136,attr_278,attr_338,attr_187,attr_108,attr_225,attr_337,attr_9,attr_149,attr_244;sku,attr_113,attr_98,attr_273,attr_169;sku,attr_3,attr_264,attr_97,attr_331
fam_4;"Nemo quae debitis.";"Cum sapiente.";"Architecto eum.";"Reprehenderit ea.";name;sku,name,attr_381,attr_27,attr_233,attr_10,attr_121,attr_38,attr_176,attr_329,attr_273,attr_32,attr_43,attr_264,attr_190,attr_369,attr_326,attr_186,attr_138,attr_388,attr_360,attr_394,attr_265,attr_165,attr_147,attr_251,attr_128,attr_89,attr_283,attr_382,attr_217,attr_179,attr_200,attr_175,attr_153,attr_3,attr_132,attr_274,attr_287,attr_174,attr_379,attr_75,attr_67,attr_42,attr_221,attr_361,attr_84,attr_342,attr_88,attr_143,attr_139,attr_309,attr_78,attr_239,attr_202,attr_79,attr_80,attr_209,attr_389,attr_246,attr_148,attr_208,attr_112,attr_134,attr_137,attr_157,attr_365,attr_249,attr_316,attr_101,attr_149,attr_253,attr_245,attr_244,attr_81,attr_195,attr_160,attr_256,attr_178,attr_242,attr_288,attr_372,attr_177,attr_15,attr_16,attr_182,attr_172,attr_161,attr_353,attr_26,attr_306,attr_384,attr_261,attr_215,attr_205,attr_169,attr_385,attr_323,attr_83,attr_331,attr_98;sku,attr_26,attr_200,attr_132,attr_365;sku,attr_190,attr_157,attr_178,attr_261
fam_5;"Consequatur et.";"Sunt optio voluptate.";"Alias ad iste.";"Dolorem assumenda est.";name;sku,name,attr_287,attr_345,attr_31,attr_67,attr_369,attr_374,attr_108,attr_308,attr_275,attr_106,attr_139,attr_217,attr_57,attr_74,attr_319,attr_1,attr_143,attr_208,attr_280,attr_270,attr_283,attr_206,attr_211,attr_204,attr_20,attr_68,attr_118,attr_265,attr_261,attr_174,attr_342,attr_187,attr_14,attr_186,attr_2,attr_267,attr_53,attr_241,attr_109,attr_152,attr_190,attr_102,attr_138,attr_37,attr_117,attr_171,attr_317,attr_130,attr_324,attr_127,attr_94,attr_151,attr_388,attr_17,attr_237,attr_126,attr_276,attr_167,attr_93,attr_197,attr_214,attr_44,attr_3,attr_64,attr_7,attr_359,attr_107,attr_350,attr_244,attr_234,attr_63,attr_304,attr_296,attr_220,attr_148,attr_274,attr_231,attr_136,attr_269,attr_80,attr_65,attr_229,attr_356,attr_29,attr_207,attr_70,attr_291,attr_77,attr_100,attr_8,attr_19,attr_362,attr_250,attr_310,attr_372,attr_300,attr_48,attr_0,attr_194;sku,attr_265,attr_152,attr_229,attr_53;sku,attr_17,attr_319,attr_186,attr_231
fam_6;"Enim dicta consectetur.";"Molestiae sequi vel.";"Cum soluta.";"Sit ea.";name;sku,name,attr_20,attr_139,attr_278,attr_187,attr_261,attr_330,attr_74,attr_55,attr_349,attr_189,attr_353,attr_390,attr_307,attr_280,attr_69,attr_385,attr_106,attr_170,attr_33,attr_289,attr_104,attr_273,attr_121,attr_250,attr_311,attr_235,attr_101,attr_35,attr_292,attr_242,attr_16,attr_201,attr_216,attr_37,attr_17,attr_245,attr_80,attr_368,attr_221,attr_164,attr_226,attr_88,attr_222,attr_297,attr_233,attr_46,attr_375,attr_79,attr_42,attr_264,attr_195,attr_12,attr_92,attr_220,attr_144,attr_89,attr_206,attr_43,attr_134,attr_296,attr_22,attr_315,attr_192,attr_102,attr_360,attr_0,attr_137,attr_300,attr_138,attr_99,attr_333,attr_114,attr_263,attr_87,attr_1,attr_303,attr_8,attr_19,attr_64,attr_177,attr_367,attr_256,attr_327,attr_318,attr_30,attr_347,attr_382,attr_184,attr_290,attr_77,attr_376,attr_130,attr_183,attr_211,attr_51,attr_284,attr_377,attr_73,attr_305;sku,attr_8,attr_311,attr_284,attr_22;sku,attr_300,attr_297,attr_318,attr_17
fam_7;"Ipsa asperiores.";"Asperiores qui.";"Molestias veritatis.";"Ut fuga tempora.";name;sku,name,attr_81,attr_190,attr_287,attr_307,attr_382,attr_163,attr_310,attr_352,attr_214,attr_111,attr_26,attr_176,attr_351,attr_365,attr_204,attr_263,attr_12,attr_113,attr_161,attr_333,attr_362,attr_300,attr_388,attr_341,attr_247,attr_16,attr_25,attr_180,attr_296,attr_165,attr_322,attr_273,attr_309,attr_196,attr_395,attr_105,attr_229,attr_42,attr_358,attr_284,attr_17,attr_274,attr_231,attr_393,attr_305,attr_177,attr_199,attr_268,attr_242,attr_31,attr_380,attr_162,attr_246,attr_85,attr_250,attr_96,attr_277,attr_377,attr_172,attr_238,attr_45,attr_202,attr_189,attr_192,attr_350,attr_47,attr_154,attr_241,attr_118,attr_356,attr_49,attr_76,attr_98,attr_170,attr_1,attr_330,attr_71,attr_22,attr_248,attr_107,attr_140,attr_179,attr_134,attr_197,attr_302,attr_359,attr_271,attr_44,attr_53,attr_173,attr_363,attr_323,attr_345,attr_299,attr_104,attr_213,attr_195,attr_79,attr_317;sku,attr_246,attr_382,attr_177,attr_49;sku,attr_299,attr_98,attr_113,attr_47
fam_8;"Et maiores.";"Incidunt occaecati ut.";"Facilis cupiditate.";"Eligendi voluptatem.";name;sku,name,attr_395,attr_162,attr_16,attr_59,attr_221,attr_34,attr_379,attr_30,attr_138,attr_285,attr_173,attr_26,attr_72,attr_355,attr_114,attr_148,attr_167,attr_390,attr_136,attr_150,attr_227,attr_230,attr_156,attr_261,attr_142,attr_385,attr_146,attr_168,attr_210,attr_335,attr_80,attr_363,attr_205,attr_324,attr_383,attr_391,attr_222,attr_99,attr_312,attr_389,attr_161,attr_267,attr_171,attr_272,attr_5,attr_202,attr_326,attr_49,attr_48,attr_226,attr_257,attr_343,attr_218,attr_255,attr_126,attr_18,attr_275,attr_2,attr_339,attr_266,attr_370,attr_125,attr_197,attr_86,attr_263,attr_336,attr_68,attr_352,attr_338,attr_281,attr_128,attr_369,attr_164,attr_11,attr_130,attr_307,attr_81,attr_200,attr_172,attr_97,attr_177,attr_143,attr_90,attr_253,attr_248,attr_183,attr_238,attr_132,attr_95,attr_92,attr_332,attr_204,attr_317,attr_356,attr_323,attr_29,attr_387,attr_77,attr_322;sku,attr_332,attr_48,attr_391,attr_383;sku,attr_326,attr_132,attr_72,sku
fam_9;"Dolores at.";"Sed possimus dolorum.";"Sapiente qui libero.";"Dolorem in.";name;sku,name,attr_89,attr_60,attr_307,attr_119,attr_398,attr_287,attr_106,attr_8,attr_98,attr_364,attr_28,attr_138,attr_347,attr_389,attr_7,attr_255,attr_77,attr_56,attr_211,attr_358,attr_142,attr_109,attr_224,attr_3,attr_235,attr_385,attr_213,attr_80,attr_313,attr_305,attr_372,attr_397,attr_218,attr_344,attr_392,attr_178,attr_346,attr_78,attr_2,attr_74,attr_93,attr_49,attr_10,attr_40,attr_349,attr_84,attr_100,attr_102,attr_373,attr_301,attr_25,attr_359,attr_290,attr_371,attr_243,attr_332,attr_17,attr_176,attr_90,attr_361,attr_35,attr_221,attr_271,attr_170,attr_91,attr_375,attr_312,attr_30,attr_390,attr_330,attr_262,attr_203,attr_12,attr_148,attr_136,attr_11,attr_198,attr_82,attr_36,attr_311,attr_105,attr_141,attr_135,attr_303,attr_340,attr_308,attr_394,attr_97,attr_53,attr_71,attr_383,attr_274,attr_26,attr_284,attr_111,attr_127,attr_293,attr_45,attr_374;sku,attr_359,attr_2,attr_10,attr_90;sku,attr_111,attr_82,attr_364,attr_374
fam_10;"Voluptatem velit veniam.";"Inventore ea id.";"Nisi odit beatae.";"Vero nisi repudiandae.";name;sku,name,attr_258,attr_166,attr_8,attr_142,attr_122,attr_100,attr_193,attr_370,attr_118,attr_64,attr_86,attr_61,attr_6,attr_54,attr_121,attr_70,attr_188,attr_87,attr_96,attr_62,attr_368,attr_73,attr_292,attr_284,attr_338,attr_208,attr_7,attr_25,attr_167,attr_298,attr_329,attr_399,attr_373,attr_110,attr_240,attr_106,attr_266,attr_45,attr_99,attr_145,attr_79,attr_50,attr_131,attr_95,attr_215,attr_135,attr_362,attr_321,attr_134,attr_117,attr_31,attr_158,attr_184,attr_349,attr_232,attr_376,attr_314,attr_261,attr_237,attr_311,attr_369,attr_254,attr_317,attr_21,attr_181,attr_81,attr_253,attr_22,attr_385,attr_396,attr_337,attr_235,attr_199,attr_58,attr_330,attr_195,attr_164,attr_391,attr_363,attr_3,attr_252,attr_119,attr_4,attr_80,attr_274,attr_120,attr_269,attr_398,attr_38,attr_24,attr_226,attr_271,attr_154,attr_78,attr_301,attr_33,attr_133,attr_234,attr_161;sku,attr_193,attr_184,attr_121,attr_64;sku,attr_253,attr_284,attr_215,attr_271
fam_11;"Autem itaque necessitatibus.";"Velit commodi.";"Rerum voluptatem.";"Labore quibusdam nostrum.";name;sku,name,attr_340,attr_220,attr_329,attr_142,attr_374,attr_93,attr_81,attr_98,attr_102,attr_15,attr_10,attr_280,attr_147,attr_213,attr_57,attr_54,attr_66,attr_330,attr_49,attr_123,attr_389,attr_381,attr_194,attr_189,attr_294,attr_249,attr_14,attr_272,attr_219,attr_107,attr_43,attr_25,attr_357,attr_151,attr_7,attr_139,attr_0,attr_166,attr_126,attr_160,attr_211,attr_148,attr_19,attr_395,attr_210,attr_365,attr_103,attr_130,attr_186,attr_254,attr_342,attr_72,attr_68,attr_28,attr_150,attr_190,attr_207,attr_361,attr_149,attr_265,attr_363,attr_352,attr_133,attr_33,attr_90,attr_24,attr_119,attr_250,attr_53,attr_136,attr_246,attr_384,attr_195,attr_138,attr_332,attr_135,attr_292,attr_295,attr_306,attr_226,attr_308,attr_256,attr_44,attr_120,attr_355,attr_238,attr_171,attr_316,attr_214,attr_212,attr_251,attr_132,attr_275,attr_172,attr_86,attr_74,attr_16,attr_247,attr_281;sku,attr_68,attr_98,attr_72,attr_150;sku,attr_28,attr_66,attr_86,attr_355
fam_12;"Aut quam.";"Voluptatum tempora excepturi.";"Est provident ipsum.";"Corporis sequi provident.";name;sku,name,attr_316,attr_263,attr_73,attr_221,attr_244,attr_233,attr_213,attr_84,attr_4,attr_354,attr_160,attr_133,attr_167,attr_37,attr_329,attr_11,attr_344,attr_179,attr_134,attr_38,attr_247,attr_325,attr_105,attr_172,attr_130,attr_348,attr_56,attr_135,attr_79,attr_337,attr_257,attr_90,attr_232,attr_385,attr_265,attr_274,attr_43,attr_66,attr_102,attr_306,attr_296,attr_174,attr_217,attr_142,attr_317,attr_126,attr_245,attr_251,attr_295,attr_236,attr_132,attr_253,attr_129,attr_278,attr_259,attr_36,attr_17,attr_163,attr_331,attr_62,attr_345,attr_166,attr_9,attr_377,attr_237,attr_81,attr_270,attr_176,attr_230,attr_21,attr_165,attr_190,attr_141,attr_234,attr_157,attr_300,attr_312,attr_342,attr_311,attr_208,attr_138,attr_97,attr_52,attr_139,attr_144,attr_353,attr_71,attr_243,attr_326,attr_333,attr_107,attr_182,attr_268,attr_298,attr_113,attr_170,attr_25,attr_169,attr_5;sku,attr_190,attr_56,attr_97,attr_221;sku,attr_182,attr_247,attr_130,attr_344
fam_13;"Minima omnis.";"Et omnis corrupti.";"Ratione illum aspernatur.";"Ut quaerat.";name;sku,name,attr_157,attr_367,attr_353,attr_196,attr_45,attr_195,attr_370,attr_389,attr_298,attr_143,attr_336,attr_338,attr_110,attr_226,attr_139,attr_238,attr_81,attr_278,attr_198,attr_383,attr_268,attr_111,attr_183,attr_247,attr_194,attr_388,attr_392,attr_255,attr_147,attr_116,attr_36,attr_285,attr_190,attr_97,attr_90,attr_47,attr_38,attr_346,attr_239,attr_161,attr_334,attr_27,attr_225,attr_82,attr_260,attr_215,attr_57,attr_201,attr_257,attr_330,attr_204,attr_30,attr_309,attr_148,attr_335,attr_362,attr_16,attr_208,attr_8,attr_17,attr_165,attr_234,attr_123,attr_290,attr_301,attr_356,attr_349,attr_171,attr_306,attr_242,attr_166,attr_4,attr_153,attr_29,attr_62,attr_128,attr_15,attr_209,attr_179,attr_217,attr_297,attr_380,attr_55,attr_50,attr_193,attr_102,attr_46,attr_65,attr_199,attr_327,attr_61,attr_83,attr_26,attr_184,attr_396,attr_210,attr_120,attr_294,attr_3;sku,attr_234,attr_27,attr_3,attr_195;sku,attr_247,attr_208,attr_198,attr_166
fam_14;"Itaque voluptatem.";"Vel quia maiores.";"At officia.";"Porro aut.";name;sku,name,attr_309,attr_161,attr_61,attr_9,attr_221,attr_254,attr_372,attr_55,attr_325,attr_332,attr_271,attr_89,attr_324,attr_287,attr_239,attr_172,attr_341,attr_386,attr_57,attr_42,attr_153,attr_220,attr_189,attr_208,attr_364,attr_88,attr_201,attr_387,attr_162,attr_330,attr_367,attr_368,attr_52,attr_120,attr_59,attr_79,attr_136,attr_381,attr_383,attr_310,attr_322,attr_373,attr_301,attr_15,attr_31,attr_286,attr_13,attr_275,attr_291,attr_186,attr_148,attr_235,attr_121,attr_8,attr_173,attr_283,attr_167,attr_18,attr_133,attr_252,attr_62,attr_354,attr_399,attr_350,attr_142,attr_184,attr_218,attr_366,attr_328,attr_348,attr_26,attr_396,attr_97,attr_277,attr_96,attr_122,attr_243,attr_385,attr_269,attr_94,attr_53,attr_114,attr_93,attr_382,attr_83,attr_2,attr_129,attr_202,attr_182,attr_30,attr_21,attr_212,attr_127,attr_50,attr_241,attr_312,attr_32,attr_174,attr_393;sku,attr_277,sku,attr_50,attr_310;sku,attr_120,attr_287,attr_79,attr_399
fam_15;"Non porro.";"Omnis aspernatur.";"Et aliquam debitis.";"Error vel quae.";name;sku,name,attr_36,attr_70,attr_156,attr_65,attr_335,attr_367,attr_339,attr_274,attr_119,attr_115,attr_24,attr_313,attr_366,attr_238,attr_365,attr_293,attr_376,attr_148,attr_56,attr_46,attr_177,attr_237,attr_108,attr_384,attr_360,attr_84,attr_333,attr_181,attr_31,attr_60,attr_7,attr_393,attr_320,attr_387,attr_325,attr_351,attr_224,attr_140,attr_263,attr_57,attr_364,attr_97,attr_18,attr_147,attr_42,attr_232,attr_234,attr_266,attr_109,attr_256,attr_154,attr_198,attr_216,attr_385,attr_200,attr_204,attr_105,attr_288,attr_12,attr_136,attr_260,attr_230,attr_50,attr_336,attr_30,attr_129,attr_45,attr_218,attr_184,attr_111,attr_132,attr_9,attr_44,attr_76,attr_391,attr_344,attr_130,attr_253,attr_363,attr_241,attr_117,attr_221,attr_383,attr_23,attr_116,attr_2,attr_185,attr_262,attr_389,attr_233,attr_370,attr_254,attr_299,attr_283,attr_289,attr_10,attr_174,attr_347,attr_100;sku,attr_391,attr_241,attr_117,attr_366;sku,attr_218,attr_230,attr_325,attr_241
fam_16;"Sunt tenetur.";"Ab optio quidem.";"Quis dolor quaerat.";"Et iste.";name;sku,name,attr_72,attr_331,attr_107,attr_103,attr_124,attr_64,attr_104,attr_289,attr_233,attr_335,attr_141,attr_119,attr_347,attr_286,attr_73,attr_88,attr_250,attr_278,attr_255,attr_315,attr_263,attr_397,attr_17,attr_243,attr_384,attr_350,attr_245,attr_214,attr_312,attr_16,attr_24,attr_144,attr_224,attr_164,attr_349,attr_381,attr_337,attr_44,attr_34,attr_111,attr_355,attr_142,attr_282,attr_222,attr_46,attr_85,attr_303,attr_51,attr_370,attr_8,attr_136,attr_120,attr_254,attr_238,attr_391,attr_148,attr_33,attr_339,attr_200,attr_225,attr_211,attr_42,attr_390,attr_190,attr_394,attr_334,attr_60,attr_91,attr_227,attr_300,attr_389,attr_320,attr_65,attr_321,attr_23,attr_210,attr_352,attr_248,attr_367,attr_35,attr_372,attr_307,attr_280,attr_298,attr_45,attr_199,attr_212,attr_294,attr_235,attr_4,attr_159,attr_123,attr_373,attr_279,attr_145,attr_80,attr_223,attr_304,attr_182;sku,attr_381,attr_17,attr_355,attr_321;sku,attr_334,attr_223,attr_255,attr_263
fam_17;"Deleniti qui at.";"Sed harum voluptatem.";"Aut amet.";"Nesciunt et consequatur.";name;sku,name,attr_354,attr_188,attr_51,attr_123,attr_133,attr_383,attr_187,attr_170,attr_244,attr_283,attr_398,attr_99,attr_256,attr_84,attr_177,attr_57,attr_25,attr_68,attr_192,attr_13,attr_297,attr_157,attr_286,attr_395,attr_271,attr_17,attr_63,attr_292,attr_125,attr_356,attr_211,attr_130,attr_331,attr_240,attr_333,attr_103,attr_214,attr_390,attr_391,attr_73,attr_219,attr_122,attr_274,attr_227,attr_247,attr_6,attr_67,attr_155,attr_269,attr_318,attr_310,attr_52,attr_81,attr_61,attr_75,attr_343,attr_302,attr_220,attr_138,attr_364,attr_180,attr_224,attr_141,attr_39,attr_245,attr_280,attr_53,attr_113,attr_22,attr_321,attr_172,attr_119,attr_353,attr_0,attr_159,attr_126,attr_225,attr_194,attr_109,attr_101,attr_243,attr_98,attr_332,attr_146,attr_386,attr_7,attr_179,attr_153,attr_193,attr_11,attr_218,attr_323,attr_208,attr_259,attr_62,attr_326,attr_137,attr_143,attr_93;sku,attr_143,attr_137,attr_332,attr_61;sku,attr_297,attr_146,attr_52,attr_17
fam_18;"Voluptatem et.";"Alias ab.";"Ad qui.";"Ducimus totam.";name;sku,name,attr_65,attr_354,attr_287,attr_288,attr_124,attr_324,attr_138,attr_256,attr_274,attr_286,attr_3,attr_61,attr_190,attr_8,attr_245,attr_264,attr_140,attr_292,attr_6,attr_261,attr_160,attr_52,attr_258,attr_7,attr_107,attr_337,attr_257,attr_195,attr_248,attr_217,attr_205,attr_178,attr_365,attr_111,attr_380,attr_150,attr_117,attr_60,attr_56,attr_182,attr_277,attr_192,attr_197,attr_212,attr_164,attr_329,attr_326,attr_94,attr_27,attr_19,attr_145,attr_389,attr_172,attr_253,attr_62,attr_388,attr_289,attr_341,attr_199,attr_335,attr_69,attr_122,attr_136,attr_229,attr_200,attr_210,attr_396,attr_169,attr_254,attr_374,attr_186,attr_357,attr_333,attr_157,attr_82,attr_363,attr_38,attr_104,attr_103,attr_366,attr_267,attr_269,attr_88,attr_282,attr_265,attr_174,attr_89,attr_24,attr_367,attr_320,attr_283,attr_314,attr_224,attr_398,attr_249,attr_131,attr_377,attr_5,attr_240;sku,attr_182,attr_150,attr_157,attr_212;sku,attr_212,attr_288,attr_274,attr_200
fam_19;"Fugit laborum.";"Veritatis dolorem.";"Nostrum consequatur.";"A perferendis eos.";name;sku,name,attr_64,attr_166,attr_293,attr_296,attr_81,attr_126,attr_230,attr_200,attr_73,attr_3,attr_376,attr_311,attr_135,attr_17,attr_360,attr_353,attr_316,attr_322,attr_349,attr_317,attr_143,attr_352,attr_324,attr_366,attr_241,attr_375,attr_385,attr_204,attr_391,attr_186,attr_152,attr_263,attr_42,attr_188,attr_40,attr_151,attr_266,attr_11,attr_15,attr_345,attr_7,attr_84,attr_96,attr_246,attr_19,attr_207,attr_261,attr_154,attr_183,attr_90,attr_138,attr_380,attr_191,attr_363,attr_287,attr_201,attr_89,attr_127,attr_176,attr_189,attr_165,attr_1,attr_221,attr_9,attr_181,attr_116,attr_83,attr_245,attr_211,attr_233,attr_44,attr_16,attr_129,attr_255,attr_87,attr_278,attr_299,attr_223,attr_218,attr_350,attr_248,attr_232,attr_359,attr_306,attr_137,attr_5,attr_397,attr_155,attr_371,attr_238,attr_109,attr_251,attr_386,attr_32,attr_120,attr_150,attr_160,attr_288,attr_341;sku,attr_44,attr_200,attr_246,attr_207;sku,attr_287,attr_89,attr_223,attr_32
fam_20;"Illo nisi.";"In et nisi.";"Tempora autem quos.";"Rem itaque.";name;sku,name,attr_59,attr_258,attr_317,attr_275,attr_376,attr_12,attr_97,attr_116,attr_79,attr_181,attr_294,attr_9,attr_82,attr_361,attr_87,attr_298,attr_243,attr_56,attr_124,attr_352,attr_0,attr_146,attr_322,attr_156,attr_272,attr_235,attr_327,attr_364,attr_320,attr_248,attr_236,attr_246,attr_279,attr_151,attr_139,attr_301,attr_274,attr_120,attr_263,attr_286,attr_65,attr_102,attr_220,attr_260,attr_63,attr_257,attr_119,attr_228,attr_362,attr_152,attr_16,attr_40,attr_213,attr_46,attr_22,attr_45,attr_219,attr_281,attr_10,attr_148,attr_55,attr_345,attr_230,attr_386,attr_31,attr_215,attr_92,attr_184,attr_344,attr_50,attr_253,attr_108,attr_68,attr_392,attr_168,attr_54,attr_311,attr_19,attr_57,attr_72,attr_309,attr_35,attr_355,attr_365,attr_70,attr_388,attr_207,attr_196,attr_259,attr_332,attr_74,attr_25,attr_237,attr_255,attr_201,attr_363,attr_67,attr_282,attr_223;sku,attr_79,attr_392,attr_365,attr_311;sku,attr_0,attr_45,attr_196,attr_355
fam_21;"Iste ut.";"Quo a.";"Nihil expedita nobis.";"Est nihil.";name;sku,name,attr_153,attr_271,attr_347,attr_343,attr_389,attr_383,attr_181,attr_341,attr_384,attr_159,attr_364,attr_224,attr_168,attr_20,attr_314,attr_3,attr_303,attr_333,attr_205,attr_131,attr_134,attr_374,attr_144,attr_394,attr_106,attr_86,attr_267,attr_30,attr_9,attr_362,attr_149,attr_355,attr_380,attr_300,attr_214,attr_207,attr_175,attr_276,attr_230,attr_360,attr_75,attr_109,attr_2,attr_302,attr_90,attr_281,attr_7,attr_283,attr_199,attr_176,attr_379,attr_152,attr_254,attr_378,attr_377,attr_353,attr_126,attr_232,attr_17,attr_275,attr_331,attr_391,attr_336,attr_320,attr_201,attr_295,attr_53,attr_50,attr_130,attr_243,attr_323,attr_154,attr_167,attr_70,attr_13,attr_263,attr_237,attr_177,attr_337,attr_191,attr_148,attr_44,attr_292,attr_102,attr_143,attr_242,attr_113,attr_165,attr_381,attr_80,attr_142,attr_93,attr_213,attr_340,attr_26,attr_255,attr_169,attr_310,attr_301;sku,attr_292,attr_126,attr_207,attr_331;sku,attr_7,attr_149,attr_143,attr_271
fam_22;"Optio quia.";"Quisquam in.";"Natus illo.";"Voluptatum sint.";name;sku,name,attr_343,attr_74,attr_151,attr_3,attr_116,attr_273,attr_311,attr_90,attr_179,attr_12,attr_31,attr_321,attr_292,attr_67,attr_332,attr_268,attr_1,attr_283,attr_251,attr_69,attr_109,attr_287,attr_395,attr_51,attr_380,attr_83,attr_9,attr_150,attr_333,attr_258,attr_26,attr_346,attr_284,attr_293,attr_15,attr_362,attr_302,attr_95,attr_214,attr_278,attr_100,attr_340,attr_188,attr_381,attr_379,attr_146,attr_59,attr_171,attr_236,attr_325,attr_260,attr_182,attr_375,attr_64,attr_85,attr_256,attr_199,attr_162,attr_337,attr_170,attr_111,attr_274,attr_145,attr_336,attr_245,attr_78,attr_122,attr_4,attr_242,attr_396,attr_166,attr_163,attr_92,attr_184,attr_213,attr_350,attr_46,attr_80,attr_389,attr_387,attr_96,attr_48,attr_77,attr_62,attr_294,attr_301,attr_317,attr_393,attr_198,attr_306,attr_223,attr_54,attr_231,attr_65,attr_361,attr_186,attr_152,attr_158,attr_240;sku,attr_396,attr_260,attr_152,attr_301;sku,attr_67,attr_85,attr_65,attr_213
fam_23;"Harum nihil.";"Dolorem eius ut.";"Ratione dolores.";"Quia explicabo.";name;sku,name,attr_25,attr_396,attr_349,attr_327,attr_65,attr_255,attr_86,attr_179,attr_272,attr_142,attr_333,attr_44,attr_351,attr_103,attr_18,attr_0,attr_228,attr_358,attr_357,attr_11,attr_390,attr_332,attr_329,attr_235,attr_352,attr_392,attr_66,attr_221,attr_1,attr_213,attr_38,attr_303,attr_19,attr_161,attr_244,attr_234,attr_148,attr_324,attr_285,attr_261,attr_224,attr_223,attr_68,attr_192,attr_122,attr_232,attr_76,attr_26,attr_361,attr_34,attr_168,attr_284,attr_2,attr_344,attr_308,attr_383,attr_177,attr_46,attr_77,attr_28,attr_331,attr_318,attr_114,attr_73,attr_110,attr_120,attr_292,attr_289,attr_112,attr_313,attr_58,attr_216,attr_343,attr_167,attr_263,attr_33,attr_379,attr_254,attr_280,attr_7,attr_57,attr_91,attr_385,attr_382,attr_266,attr_48,attr_27,attr_185,attr_355,attr_17,attr_314,attr_152,attr_240,attr_393,attr_160,attr_169,attr_248,attr_320,attr_210;sku,attr_320,attr_263,attr_385,attr_142;sku,attr_235,attr_142,attr_68,attr_168
fam_24;"Qui consequuntur.";"Ut consequatur.";"In quis velit.";"Esse ut.";name;sku,name,attr_111,attr_160,attr_373,attr_77,attr_146,attr_130,attr_15,attr_334,attr_114,attr_224,attr_9,attr_323,attr_244,attr_96,attr_203,attr_101,attr_3,attr_63,attr_246,attr_121,attr_134,attr_265,attr_115,attr_322,attr_164,attr_356,attr_341,attr_26,attr_231,attr_221,attr_239,attr_74,attr_181,attr_214,attr_282,attr_390,attr_256,attr_84,attr_167,attr_274,attr_145,attr_394,attr_129,attr_284,attr_69,attr_278,attr_208,attr_245,attr_185,attr_233,attr_166,attr_107,attr_397,attr_97,attr_31,attr_257,attr_250,attr_133,attr_325,attr_375,attr_198,attr_350,attr_176,attr_206,attr_318,attr_201,attr_283,attr_211,attr_332,attr_329,attr_99,attr_35,attr_47,attr_193,attr_225,attr_122,attr_172,attr_386,attr_301,attr_67,attr_308,attr_11,attr_132,attr_94,attr_287,attr_182,attr_188,attr_76,attr_0,attr_120,attr_112,attr_222,attr_128,attr_189,attr_267,attr_24,attr_22,attr_126,attr_136;sku,attr_257,attr_96,attr_67,attr_267;sku,attr_211,attr_185,attr_198,attr_99
fam_25;"Earum sint et.";"Voluptas hic.";"Et labore.";"At ut quasi.";name;sku,name,attr_55,attr_372,attr_300,attr_49,attr_190,attr_383,attr_150,attr_364,attr_43,attr_209,attr_352,attr_29,attr_377,attr_78,attr_13,attr_86,attr_163,attr_110,attr_276,attr_267,attr_114,attr_338,attr_130,attr_189,attr_333,attr_116,attr_37,attr_47,attr_115,attr_280,attr_41,attr_204,attr_134,attr_314,attr_132,attr_202,attr_174,attr_361,attr_46,attr_393,attr_206,attr_212,attr_84,attr_89,attr_34,attr_176,attr_214,attr_277,attr_356,attr_154,attr_398,attr_221,attr_219,attr_347,attr_186,attr_399,attr_155,attr_297,attr_207,attr_85,attr_58,attr_292,attr_362,attr_106,attr_57,attr_284,attr_315,attr_345,attr_257,attr_336,attr_369,attr_378,attr_136,attr_195,attr_147,attr_60,attr_328,attr_31,attr_368,attr_226,attr_178,attr_6,attr_396,attr_198,attr_5,attr_305,attr_286,attr_101,attr_375,attr_329,attr_44,attr_135,attr_320,attr_53,attr_310,attr_151,attr_56,attr_128,attr_232;sku,attr_292,attr_29,attr_78,attr_305;sku,attr_163,attr_55,attr_128,attr_178
fam_26;"Eligendi culpa.";"Quis beatae laudantium.";"Exercitationem est aut.";"Ipsam et.";name;sku,name,attr_27,attr_251,attr_288,attr_334,attr_383,attr_316,attr_349,attr_398,attr_393,attr_169,attr_213,attr_310,attr_13,attr_48,attr_107,attr_120,attr_375,attr_167,attr_388,attr_387,attr_287,attr_57,attr_276,attr_218,attr_45,attr_368,attr_83,attr_9,attr_261,attr_31,attr_46,attr_50,attr_300,attr_185,attr_323,attr_322,attr_220,attr_244,attr_72,attr_63,attr_153,attr_134,attr_291,attr_61,attr_298,attr_282,attr_95,attr_272,attr_41,attr_24,attr_366,attr_391,attr_184,attr_340,attr_77,attr_150,attr_337,attr_74,attr_198,attr_363,attr_112,attr_67,attr_4,attr_8,attr_124,attr_70,attr_390,attr_165,attr_263,attr_204,attr_381,attr_221,attr_228,attr_54,attr_29,attr_226,attr_273,attr_22,attr_157,attr_131,attr_109,attr_76,attr_143,attr_196,attr_128,attr_353,attr_259,attr_113,attr_294,attr_230,attr_341,attr_356,attr_339,attr_362,attr_307,attr_344,attr_232,attr_319,attr_132;sku,sku,attr_387,attr_48,attr_375;sku,attr_41,attr_276,attr_185,attr_48
fam_27;"Alias eum.";"Ipsa animi.";"Et voluptas.";"Error quis libero.";name;sku,name,attr_27,attr_396,attr_128,attr_14,attr_384,attr_256,attr_92,attr_394,attr_28,attr_87,attr_165,attr_390,attr_334,attr_31,attr_1,attr_206,attr_304,attr_274,attr_335,attr_207,attr_218,attr_167,attr_100,attr_126,attr_287,attr_276,attr_127,attr_101,attr_42,attr_397,attr_114,attr_135,attr_299,attr_226,attr_214,attr_273,attr_325,attr_261,attr_264,attr_208,attr_47,attr_210,attr_286,attr_65,attr_195,attr_129,attr_222,attr_163,attr_91,attr_181,attr_49,attr_254,attr_108,attr_221,attr_112,attr_140,attr_17,attr_69,attr_219,attr_227,attr_328,attr_320,attr_111,attr_146,attr_379,attr_38,attr_267,attr_313,attr_318,attr_85,attr_11,attr_179,attr_297,attr_54,attr_385,attr_281,attr_375,attr_303,attr_368,attr_376,attr_106,attr_275,attr_122,attr_0,attr_380,attr_359,attr_309,attr_392,attr_97,attr_354,attr_242,attr_44,attr_124,attr_58,attr_60,attr_23,attr_388,attr_123,attr_37;sku,attr_49,attr_368,attr_227,attr_354;sku,attr_320,attr_85,attr_385,attr_227
fam_28;"Et voluptatem eveniet.";"Enim recusandae.";"Eius saepe vel.";"Voluptate beatae.";name;sku,name,attr_33,attr_321,attr_308,attr_136,attr_264,attr_380,attr_231,attr_26,attr_79,attr_164,attr_29,attr_323,attr_331,attr_222,attr_364,attr_155,attr_282,attr_336,attr_108,attr_394,attr_131,attr_159,attr_312,attr_235,attr_236,attr_188,attr_216,attr_297,attr_310,attr_227,attr_275,attr_283,attr_179,attr_134,attr_385,attr_61,attr_303,attr_14,attr_41,attr_92,attr_98,attr_332,attr_82,attr_334,attr_167,attr_234,attr_69,attr_88,attr_267,attr_38,attr_257,attr_241,attr_47,attr_239,attr_370,attr_229,attr_40,attr_261,attr_161,attr_107,attr_102,attr_166,attr_124,attr_238,attr_259,attr_276,attr_298,attr_226,attr_85,attr_76,attr_345,attr_59,attr_142,attr_20,attr_64,attr_386,attr_122,attr_58,attr_148,attr_83,attr_315,attr_120,attr_73,attr_109,attr_330,attr_327,attr_158,attr_11,attr_27,attr_344,attr_375,attr_360,attr_103,attr_245,attr_32,attr_395,attr_28,attr_372,attr_123;sku,attr_58,attr_216,attr_327,attr_364;sku,attr_69,attr_123,attr_229,attr_327
fam_29;"Ipsam sunt occaecati.";"Sed est.";"Alias et earum.";"Quod ex repellat.";name;sku,name,attr_161,attr_163,attr_342,attr_354,attr_122,attr_277,attr_357,attr_190,attr_139,attr_179,attr_216,attr_233,attr_40,attr_57,attr_101,attr_29,attr_266,attr_80,attr_345,attr_6,attr_305,attr_119,attr_245,attr_31,attr_52,attr_338,attr_368,attr_68,attr_76,attr_238,attr_62,attr_144,attr_369,attr_111,attr_274,attr_140,attr_389,attr_5,attr_127,attr_199,attr_46,attr_359,attr_335,attr_239,attr_95,attr_176,attr_231,attr_270,attr_172,attr_94,attr_196,attr_337,attr_217,attr_150,attr_147,attr_352,attr_17,attr_183,attr_293,attr_11,attr_1,attr_225,attr_386,attr_106,attr_0,attr_103,attr_353,attr_149,attr_39,attr_130,attr_121,attr_92,attr_12,attr_288,attr_336,attr_37,attr_230,attr_253,attr_325,attr_348,attr_143,attr_373,attr_290,attr_65,attr_384,attr_364,attr_204,attr_397,attr_151,attr_340,attr_136,attr_317,attr_134,attr_280,attr_107,attr_356,attr_381,attr_205,attr_255;sku,attr_140,attr_147,attr_5,attr_65;sku,attr_288,attr_92,attr_204,attr_216
fam_30;"Reprehenderit rerum quis.";"Saepe tenetur sunt.";"Reprehenderit qui.";"Qui dolores.";name;sku,name,attr_188,attr_125,attr_82,attr_147,attr_330,attr_316,attr_73,attr_27,attr_61,attr_149,attr_96,attr_186,attr_284,attr_299,attr_217,attr_0,attr_211,attr_358,attr_262,attr_228,attr_249,attr_138,attr_74,attr_63,attr_234,attr_273,attr_241,attr_46,attr_317,attr_359,attr_367,attr_340,attr_399,attr_8,attr_187,attr_219,attr_120,attr_163,attr_35,attr_267,attr_370,attr_5,attr_7,attr_31,attr_80,attr_48,attr_6,attr_184,attr_85,attr_235,attr_278,attr_245,attr_332,attr_383,attr_264,attr_397,attr_20,attr_40,attr_349,attr_150,attr_197,attr_118,attr_272,attr_196,attr_154,attr_111,attr_236,attr_318,attr_77,attr_230,attr_110,attr_78,attr_198,attr_18,attr_218,attr_23,attr_369,attr_131,attr_374,attr_173,attr_348,attr_181,attr_183,attr_204,attr_398,attr_368,attr_167,attr_386,attr_303,attr_295,attr_102,attr_43,attr_117,attr_42,attr_66,attr_177,attr_106,attr_16,attr_34;sku,attr_370,attr_368,attr_5,attr_177;sku,attr_27,attr_398,attr_111,attr_219
fam_31;"Qui laborum.";"Voluptatibus dolores.";"Id sed.";"Voluptate qui.";name;sku,name,attr_34,attr_98,attr_330,attr_51,attr_317,attr_30,attr_78,attr_279,attr_306,attr_44,attr_352,attr_236,attr_50,attr_233,attr_301,attr_210,attr_202,attr_222,attr_246,attr_138,attr_86,attr_113,attr_335,attr_103,attr_23,attr_149,attr_143,attr_125,attr_25,attr_182,attr_356,attr_314,attr_132,attr_224,attr_112,attr_230,attr_193,attr_166,attr_272,attr_117,attr_370,attr_18,attr_154,attr_74,attr_54,attr_251,attr_307,attr_11,attr_122,attr_235,attr_64,attr_305,attr_220,attr_365,attr_197,attr_179,attr_162,attr_339,attr_82,attr_249,attr_43,attr_223,attr_358,attr_83,attr_199,attr_338,attr_217,attr_172,attr_396,attr_277,attr_261,attr_264,attr_124,attr_208,attr_145,attr_283,attr_240,attr_150,attr_288,attr_390,attr_57,attr_214,attr_376,attr_299,attr_280,attr_99,attr_296,attr_100,attr_389,attr_268,attr_312,attr_309,attr_28,attr_45,attr_127,attr_229,attr_155,attr_324,attr_110;sku,attr_264,attr_98,attr_396,attr_330;sku,attr_149,attr_34,attr_54,attr_390
fam_32;"Delectus molestias esse.";"Voluptates consequatur.";"Et et.";"Atque quia quia.";name;sku,name,attr_69,attr_107,attr_271,attr_196,attr_316,attr_185,attr_391,attr_302,attr_291,attr_109,attr_365,attr_308,attr_220,attr_224,attr_50,attr_137,attr_279,attr_94,attr_239,attr_5,attr_150,attr_236,attr_294,attr_41,attr_44,attr_11,attr_199,attr_96,attr_234,attr_262,attr_36,attr_155,attr_105,attr_223,attr_74,attr_392,attr_24,attr_268,attr_204,attr_209,attr_130,attr_145,attr_303,attr_216,attr_34,attr_339,attr_296,attr_100,attr_367,attr_85,attr_203,attr_390,attr_201,attr_387,attr_382,attr_170,attr_73,attr_51,attr_93,attr_369,attr_214,attr_180,attr_342,attr_389,attr_2,attr_285,attr_61,attr_232,attr_131,attr_179,attr_95,attr_386,attr_88,attr_79,attr_20,attr_27,attr_273,attr_56,attr_307,attr_186,attr_99,attr_376,attr_40,attr_70,attr_141,attr_25,attr_167,attr_278,attr_335,attr_287,attr_15,attr_181,attr_148,attr_143,attr_158,attr_111,attr_62,attr_78,attr_119;sku,attr_36,attr_196,attr_390,attr_100;sku,attr_391,attr_223,attr_137,attr_2
fam_33;"Est possimus et.";"Sit quia quae.";"Aliquam optio.";"Itaque nostrum occaecati.";name;sku,name,attr_295,attr_359,attr_325,attr_18,attr_342,attr_395,attr_120,attr_85,attr_257,attr_357,attr_224,attr_350,attr_393,attr_153,attr_322,attr_390,attr_292,attr_238,attr_12,attr_222,attr_154,attr_187,attr_285,attr_109,attr_312,attr_162,attr_53,attr_46,attr_265,attr_385,attr_61,attr_124,attr_340,attr_266,attr_233,attr_26,attr_13,attr_144,attr_101,attr_273,attr_48,attr_231,attr_34,attr_263,attr_286,attr_360,attr_174,attr_336,attr_161,attr_315,attr_173,attr_57,attr_186,attr_362,attr_4,attr_119,attr_281,attr_135,attr_267,attr_237,attr_133,attr_125,attr_195,attr_23,attr_291,attr_204,attr_147,attr_39,attr_353,attr_189,attr_261,attr_366,attr_188,attr_328,attr_300,attr_181,attr_177,attr_398,attr_76,attr_320,attr_155,attr_358,attr_51,attr_368,attr_314,attr_211,attr_47,attr_302,attr_382,attr_190,attr_194,attr_197,attr_294,attr_296,attr_225,attr_262,attr_99,attr_121,attr_77;sku,attr_302,attr_296,attr_295,attr_267;sku,attr_12,attr_204,attr_76,attr_257
fam_34;"Qui sapiente non.";"Iusto atque quis.";"Rerum sed voluptatem.";"Doloribus incidunt.";name;sku,name,attr_206,attr_118,attr_9,attr_66,attr_49,attr_364,attr_174,attr_352,attr_301,attr_77,attr_236,attr_132,attr_331,attr_76,attr_111,attr_88,attr_269,attr_306,attr_15,attr_224,attr_374,attr_53,attr_134,attr_250,attr_28,attr_135,attr_348,attr_95,attr_136,attr_370,attr_156,attr_92,attr_341,attr_5,attr_22,attr_169,attr_337,attr_350,attr_80,attr_258,attr_162,attr_241,attr_140,attr_104,attr_126,attr_263,attr_380,attr_321,attr_324,attr_57,attr_244,attr_63,attr_48,attr_379,attr_253,attr_313,attr_211,attr_19,attr_300,attr_287,attr_142,attr_74,attr_376,attr_18,attr_125,attr_33,attr_31,attr_0,attr_103,attr_8,attr_276,attr_358,attr_139,attr_223,attr_155,attr_137,attr_94,attr_122,attr_129,attr_238,attr_356,attr_110,attr_101,attr_75,attr_325,attr_197,attr_54,attr_192,attr_149,attr_285,attr_159,attr_145,attr_204,attr_246,attr_99,attr_256,attr_292,attr_382,attr_152;sku,attr_0,attr_129,attr_306,attr_325;sku,attr_142,attr_22,attr_76,attr_125
fam_35;"Consequatur quo consequatur.";"Doloribus nihil et.";"Velit alias.";"Quaerat architecto.";name;sku,name,attr_53,attr_250,attr_334,attr_102,attr_198,attr_290,attr_70,attr_355,attr_381,attr_60,attr_112,attr_263,attr_144,attr_104,attr_137,attr_154,attr_211,attr_150,attr_343,attr_353,attr_379,attr_166,attr_90,attr_29,attr_163,attr_341,attr_259,attr_167,attr_338,attr_176,attr_380,attr_347,attr_21,attr_252,attr_41,attr_309,attr_370,attr_272,attr_394,attr_133,attr_286,attr_63,attr_59,attr_218,attr_232,attr_184,attr_22,attr_100,attr_335,attr_399,attr_317,attr_271,attr_129,attr_36,attr_58,attr_72,attr_44,attr_147,attr_121,attr_285,attr_319,attr_303,attr_34,attr_299,attr_73,attr_38,attr_74,attr_87,attr_253,attr_260,attr_296,attr_3,attr_344,attr_69,attr_75,attr_369,attr_374,attr_336,attr_170,attr_13,attr_229,attr_332,attr_212,attr_261,attr_328,attr_40,attr_181,attr_173,attr_389,attr_2,attr_52,attr_85,attr_18,attr_24,attr_258,attr_351,attr_362,attr_282,attr_267;sku,attr_163,attr_370,attr_332,attr_198;sku,attr_286,attr_133,attr_18,attr_13
fam_36;"Ab qui qui.";"Ut odio doloribus.";"Et dolor maiores.";"Et maxime ratione.";name;sku,name,attr_65,attr_220,attr_317,attr_128,attr_6,attr_5,attr_172,attr_388,attr_269,attr_398,attr_272,attr_274,attr_117,attr_213,attr_356,attr_249,attr_85,attr_197,attr_17,attr_189,attr_131,attr_302,attr_50,attr_190,attr_97,attr_324,attr_216,attr_30,attr_357,attr_47,attr_243,attr_387,attr_397,attr_370,attr_255,attr_217,attr_185,attr_8,attr_153,attr_176,attr_384,attr_2,attr_326,attr_364,attr_241,attr_336,attr_235,attr_337,attr_34,attr_251,attr_69,attr_278,attr_127,attr_390,attr_49,attr_271,attr_19,attr_281,attr_360,attr_399,attr_365,attr_122,attr_169,attr_389,attr_42,attr_27,attr_170,attr_296,attr_284,attr_381,attr_373,attr_277,attr_102,attr_67,attr_379,attr_191,attr_368,attr_181,attr_76,attr_344,attr_214,attr_199,attr_346,attr_338,attr_309,attr_164,attr_130,attr_301,attr_81,attr_87,attr_242,attr_261,attr_90,attr_110,attr_98,attr_44,attr_315,attr_263,attr_83;sku,attr_191,attr_249,attr_399,attr_216;sku,attr_357,name,attr_317,attr_356
fam_37;"A dolore et.";"Magnam deserunt laboriosam.";"Hic fugit.";"Voluptatum eaque culpa.";name;sku,name,attr_201,attr_270,attr_79,attr_209,attr_66,attr_92,attr_350,attr_108,attr_309,attr_234,attr_45,attr_208,attr_64,attr_197,attr_159,attr_185,attr_132,attr_77,attr_180,attr_255,attr_398,attr_182,attr_275,attr_245,attr_179,attr_144,attr_186,attr_237,attr_372,attr_241,attr_392,attr_83,attr_268,attr_263,attr_124,attr_222,attr_325,attr_99,attr_7,attr_62,attr_155,attr_266,attr_349,attr_113,attr_50,attr_300,attr_239,attr_12,attr_42,attr_133,attr_282,attr_251,attr_57,attr_15,attr_29,attr_301,attr_269,attr_369,attr_329,attr_322,attr_189,attr_190,attr_196,attr_320,attr_299,attr_174,attr_75,attr_18,attr_218,attr_4,attr_335,attr_327,attr_138,attr_293,attr_129,attr_240,attr_385,attr_354,attr_386,attr_80,attr_31,attr_43,attr_210,attr_84,attr_3,attr_147,attr_360,attr_195,attr_321,attr_65,attr_217,attr_178,attr_318,attr_9,attr_73,attr_30,attr_288,attr_39,attr_336;sku,attr_43,attr_329,attr_196,attr_99;sku,attr_50,attr_73,attr_155,attr_322
fam_38;"Saepe laborum.";"Minus quisquam.";"Blanditiis eligendi odit.";"Eligendi illum.";name;sku,name,attr_80,attr_72,attr_257,attr_179,attr_97,attr_178,attr_291,attr_210,attr_388,attr_310,attr_141,attr_338,attr_229,attr_3,attr_122,attr_308,attr_99,attr_200,attr_142,attr_90,attr_278,attr_191,attr_351,attr_396,attr_166,attr_61,attr_29,attr_340,attr_43,attr_184,attr_189,attr_273,attr_297,attr_188,attr_1,attr_174,attr_313,attr_359,attr_234,attr_293,attr_131,attr_102,attr_111,attr_85,attr_280,attr_206,attr_266,attr_38,attr_332,attr_66,attr_226,attr_282,attr_14,attr_235,attr_380,attr_138,attr_255,attr_262,attr_275,attr_74,attr_247,attr_30,attr_70,attr_317,attr_334,attr_241,attr_16,attr_258,attr_288,attr_394,attr_48,attr_307,attr_285,attr_236,attr_181,attr_239,attr_342,attr_31,attr_284,attr_24,attr_230,attr_215,attr_371,attr_367,attr_33,attr_242,attr_93,attr_369,attr_18,attr_164,attr_128,attr_384,attr_106,attr_398,attr_130,attr_211,attr_126,attr_6,attr_7;sku,attr_284,attr_181,attr_297,attr_142;sku,attr_266,attr_241,attr_31,attr_29
fam_39;"Qui occaecati.";"Quo dignissimos laudantium.";"Eligendi dolores.";"Eveniet voluptates dolore.";name;sku,name,attr_147,attr_254,attr_81,attr_52,attr_29,attr_349,attr_62,attr_358,attr_376,attr_136,attr_24,attr_260,attr_269,attr_316,attr_288,attr_253,attr_230,attr_42,attr_347,attr_268,attr_354,attr_40,attr_244,attr_247,attr_124,attr_348,attr_87,attr_50,attr_202,attr_206,attr_4,attr_336,attr_393,attr_19,attr_396,attr_126,attr_113,attr_216,attr_75,attr_16,attr_91,attr_83,attr_215,attr_135,attr_397,attr_140,attr_184,attr_398,attr_360,attr_330,attr_321,attr_343,attr_296,attr_276,attr_171,attr_292,attr_227,attr_0,attr_179,attr_96,attr_256,attr_372,attr_151,attr_220,attr_144,attr_290,attr_120,attr_177,attr_187,attr_158,attr_157,attr_121,attr_163,attr_35,attr_223,attr_390,attr_273,attr_112,attr_381,attr_300,attr_145,attr_274,attr_141,attr_209,attr_117,attr_114,attr_306,attr_71,attr_226,attr_70,attr_389,attr_271,attr_318,attr_299,attr_225,attr_224,attr_155,attr_195,attr_14;sku,attr_318,attr_393,attr_209,attr_299;sku,attr_144,attr_16,attr_336,attr_155
fam_40;"Dignissimos commodi.";"Repudiandae et voluptas.";"Occaecati quisquam.";"Omnis aliquid.";name;sku,name,attr_201,attr_95,attr_115,attr_159,attr_79,attr_185,attr_2,attr_197,attr_165,attr_256,attr_395,attr_311,attr_4,attr_320,attr_207,attr_83,attr_277,attr_308,attr_98,attr_192,attr_334,attr_20,attr_72,attr_137,attr_109,attr_359,attr_140,attr_304,attr_134,attr_385,attr_255,attr_394,attr_111,attr_3,attr_1,attr_231,attr_150,attr_370,attr_183,attr_327,attr_116,attr_30,attr_322,attr_257,attr_193,attr_198,attr_250,attr_219,attr_138,attr_321,attr_172,attr_227,attr_40,attr_348,attr_177,attr_369,attr_368,attr_29,attr_104,attr_356,attr_326,attr_331,attr_167,attr_75,attr_364,attr_0,attr_381,attr_288,attr_333,attr_218,attr_160,attr_351,attr_190,attr_34,attr_71,attr_194,attr_283,attr_80,attr_112,attr_301,attr_212,attr_290,attr_225,attr_377,attr_155,attr_264,attr_315,attr_317,attr_81,attr_254,attr_166,attr_373,attr_24,attr_58,attr_145,attr_179,attr_310,attr_312,attr_117;sku,attr_327,attr_315,attr_140,attr_310;sku,attr_381,attr_117,attr_315,attr_207
fam_41;"Sequi non porro.";"Aut veniam blanditiis.";"Sint rerum sit.";"Itaque dignissimos.";name;sku,name,attr_307,attr_64,attr_86,attr_309,attr_85,attr_198,attr_66,attr_313,attr_38,attr_338,attr_324,attr_11,attr_73,attr_151,attr_168,attr_387,attr_316,attr_267,attr_385,attr_111,attr_16,attr_8,attr_125,attr_311,attr_325,attr_218,attr_384,attr_118,attr_207,attr_196,attr_199,attr_270,attr_190,attr_393,attr_113,attr_388,attr_53,attr_339,attr_259,attr_173,attr_105,attr_44,attr_315,attr_322,attr_299,attr_129,attr_215,attr_352,attr_46,attr_334,attr_366,attr_273,attr_208,attr_376,attr_149,attr_395,attr_138,attr_345,attr_72,attr_341,attr_386,attr_262,attr_288,attr_1,attr_140,attr_251,attr_237,attr_137,attr_45,attr_170,attr_23,attr_296,attr_354,attr_286,attr_263,attr_348,attr_167,attr_15,attr_48,attr_117,attr_154,attr_172,attr_189,attr_373,attr_5,attr_59,attr_14,attr_217,attr_7,attr_241,attr_255,attr_291,attr_252,attr_50,attr_346,attr_258,attr_292,attr_19,attr_377;sku,attr_137,attr_45,attr_50,attr_296;sku,attr_117,attr_8,attr_196,attr_291
fam_42;"Ipsam sed.";"Autem nihil veritatis.";"Enim eum eos.";"Non a.";name;sku,name,attr_67,attr_268,attr_6,attr_362,attr_195,attr_343,attr_191,attr_387,attr_150,attr_333,attr_337,attr_65,attr_286,attr_101,attr_348,attr_386,attr_322,attr_129,attr_397,attr_251,attr_143,attr_276,attr_104,attr_145,attr_103,attr_391,attr_231,attr_135,attr_149,attr_76,attr_44,attr_396,attr_15,attr_20,attr_300,attr_74,attr_296,attr_381,attr_55,attr_199,attr_33,attr_98,attr_364,attr_339,attr_385,attr_334,attr_165,attr_394,attr_131,attr_238,attr_144,attr_9,attr_301,attr_356,attr_7,attr_200,attr_133,attr_217,attr_87,attr_281,attr_134,attr_290,attr_89,attr_21,attr_96,attr_214,attr_85,attr_70,attr_232,attr_282,attr_111,attr_130,attr_164,attr_241,attr_256,attr_106,attr_227,attr_375,attr_61,attr_35,attr_205,attr_115,attr_355,attr_99,attr_210,attr_84,attr_297,attr_193,attr_49,attr_358,attr_88,attr_399,attr_263,attr_174,attr_171,attr_283,attr_202,attr_66,attr_138;sku,attr_149,attr_355,attr_76,attr_145;sku,attr_391,attr_20,attr_282,attr_133
fam_43;"Eum aut.";"Consectetur quis ducimus.";"Hic autem unde.";"Aut eum.";name;sku,name,attr_91,attr_377,attr_167,attr_281,attr_22,attr_208,attr_155,attr_158,attr_258,attr_23,attr_387,attr_241,attr_330,attr_307,attr_136,attr_336,attr_301,attr_187,attr_324,attr_393,attr_60,attr_355,attr_269,attr_246,attr_317,attr_50,attr_227,attr_274,attr_137,attr_163,attr_97,attr_263,attr_105,attr_364,attr_250,attr_310,attr_190,attr_139,attr_373,attr_233,attr_9,attr_298,attr_128,attr_360,attr_110,attr_379,attr_291,attr_147,attr_240,attr_130,attr_255,attr_231,attr_221,attr_69,attr_395,attr_306,attr_57,attr_26,attr_51,attr_40,attr_340,attr_129,attr_228,attr_305,attr_77,attr_265,attr_106,attr_135,attr_145,attr_314,attr_286,attr_201,attr_191,attr_256,attr_350,attr_133,attr_39,attr_257,attr_319,attr_61,attr_150,attr_88,attr_107,attr_174,attr_30,attr_125,attr_211,attr_173,attr_206,attr_264,attr_43,attr_215,attr_181,attr_15,attr_290,attr_90,attr_193,attr_32,attr_217;sku,attr_258,attr_227,attr_105,attr_364;sku,attr_97,attr_130,attr_274,attr_336
fam_44;"Aliquam ipsa.";"Molestiae tempora id.";"Et earum.";"Aut ad.";name;sku,name,attr_68,attr_149,attr_98,attr_19,attr_73,attr_232,attr_76,attr_289,attr_169,attr_320,attr_126,attr_51,attr_235,attr_156,attr_16,attr_311,attr_389,attr_221,attr_340,attr_395,attr_306,attr_96,attr_91,attr_297,attr_142,attr_307,attr_372,attr_358,attr_162,attr_217,attr_294,attr_305,attr_283,attr_381,attr_265,attr_106,attr_236,attr_230,attr_174,attr_83,attr_314,attr_224,attr_116,attr_25,attr_93,attr_361,attr_64,attr_313,attr_101,attr_187,attr_394,attr_336,attr_34,attr_270,attr_105,attr_316,attr_392,attr_190,attr_300,attr_285,attr_349,attr_367,attr_31,attr_166,attr_52,attr_104,attr_128,attr_386,attr_40,attr_145,attr_284,attr_354,attr_153,attr_204,attr_55,attr_347,attr_61,attr_44,attr_185,attr_17,attr_345,attr_140,attr_339,attr_136,attr_171,attr_191,attr_292,attr_117,attr_257,attr_378,attr_362,attr_41,attr_301,attr_176,attr_27,attr_329,attr_58,attr_388,attr_355;sku,attr_185,attr_91,attr_306,attr_156;sku,attr_284,attr_336,attr_16,attr_64
fam_45;"Libero dolor distinctio.";"Fuga alias sed.";"Architecto alias.";"At perferendis.";name;sku,name,attr_336,attr_291,attr_241,attr_192,attr_358,attr_180,attr_176,attr_210,attr_362,attr_74,attr_381,attr_368,attr_101,attr_388,attr_115,attr_42,attr_18,attr_349,attr_86,attr_147,attr_43,attr_72,attr_199,attr_106,attr_296,attr_242,attr_272,attr_185,attr_186,attr_246,attr_385,attr_54,attr_386,attr_22,attr_68,attr_75,attr_342,attr_155,attr_183,attr_35,attr_67,attr_208,attr_334,attr_81,attr_59,attr_36,attr_12,attr_220,attr_260,attr_203,attr_270,attr_329,attr_229,attr_370,attr_338,attr_55,attr_269,attr_209,attr_10,attr_173,attr_29,attr_108,attr_121,attr_214,attr_305,attr_198,attr_13,attr_267,attr_312,attr_223,attr_4,attr_239,attr_280,attr_19,attr_143,attr_3,attr_300,attr_361,attr_104,attr_170,attr_360,attr_238,attr_195,attr_24,attr_45,attr_289,attr_25,attr_390,attr_17,attr_97,attr_325,attr_202,attr_315,attr_379,attr_20,attr_163,attr_352,attr_212,attr_52;sku,attr_143,attr_22,attr_43,attr_106;sku,attr_81,attr_296,attr_185,attr_170
fam_46;"Et adipisci.";"Voluptatum sapiente.";"Occaecati quis cupiditate.";"Alias est.";name;sku,name,attr_231,attr_89,attr_39,attr_219,attr_280,attr_242,attr_251,attr_22,attr_372,attr_210,attr_395,attr_274,attr_375,attr_104,attr_100,attr_184,attr_399,attr_291,attr_275,attr_200,attr_102,attr_379,attr_376,attr_216,attr_332,attr_261,attr_345,attr_6,attr_188,attr_304,attr_83,attr_398,attr_352,attr_260,attr_185,attr_113,attr_124,attr_243,attr_136,attr_3,attr_10,attr_298,attr_30,attr_302,attr_282,attr_5,attr_285,attr_78,attr_214,attr_44,attr_278,attr_158,attr_207,attr_244,attr_76,attr_120,attr_62,attr_8,attr_140,attr_198,attr_129,attr_262,attr_7,attr_165,attr_97,attr_199,attr_299,attr_358,attr_305,attr_330,attr_26,attr_174,attr_87,attr_137,attr_355,attr_191,attr_320,attr_80,attr_28,attr_238,attr_211,attr_396,attr_157,attr_112,attr_106,attr_390,attr_29,attr_333,attr_221,attr_161,attr_114,attr_361,attr_169,attr_360,attr_315,attr_348,attr_249,attr_144,attr_118;sku,attr_158,attr_113,attr_299,attr_188;sku,attr_238,attr_124,attr_113,attr_106
fam_47;"Asperiores quos.";"Labore non reprehenderit.";"Excepturi officia.";"Adipisci dolorem.";name;sku,name,attr_386,attr_24,attr_302,attr_323,attr_358,attr_237,attr_214,attr_134,attr_215,attr_265,attr_73,attr_28,attr_356,attr_273,attr_111,attr_62,attr_213,attr_58,attr_328,attr_384,attr_12,attr_311,attr_286,attr_72,attr_282,attr_167,attr_379,attr_224,attr_86,attr_348,attr_48,attr_75,attr_17,attr_227,attr_322,attr_109,attr_218,attr_82,attr_10,attr_375,attr_301,attr_143,attr_88,attr_236,attr_295,attr_26,attr_139,attr_391,attr_216,attr_333,attr_16,attr_326,attr_255,attr_257,attr_35,attr_66,attr_78,attr_211,attr_304,attr_251,attr_11,attr_200,attr_54,attr_168,attr_102,attr_263,attr_164,attr_150,attr_370,attr_229,attr_173,attr_373,attr_64,attr_90,attr_345,attr_305,attr_380,attr_202,attr_32,attr_398,attr_261,attr_387,attr_161,attr_70,attr_83,attr_337,attr_330,attr_53,attr_279,attr_281,attr_201,attr_354,attr_113,attr_306,attr_210,attr_259,attr_225,attr_29,attr_296;sku,attr_164,attr_82,attr_257,attr_26;sku,attr_64,attr_227,attr_54,attr_90
fam_48;"Voluptate labore iure.";"Id modi.";"Labore aut ratione.";"Dolorum totam.";name;sku,name,attr_313,attr_79,attr_54,attr_60,attr_230,attr_48,attr_171,attr_40,attr_34,attr_119,attr_233,attr_221,attr_290,attr_41,attr_377,attr_340,attr_147,attr_343,attr_335,attr_184,attr_50,attr_82,attr_395,attr_212,attr_30,attr_83,attr_64,attr_323,attr_155,attr_285,attr_202,attr_321,attr_265,attr_250,attr_358,attr_385,attr_316,attr_207,attr_206,attr_222,attr_203,attr_302,attr_0,attr_355,attr_263,attr_65,attr_134,attr_362,attr_369,attr_68,attr_75,attr_384,attr_3,attr_271,attr_57,attr_333,attr_399,attr_4,attr_137,attr_208,attr_345,attr_280,attr_381,attr_339,attr_166,attr_18,attr_231,attr_101,attr_176,attr_277,attr_153,attr_186,attr_20,attr_118,attr_342,attr_125,attr_205,attr_191,attr_276,attr_42,attr_178,attr_269,attr_151,attr_378,attr_94,attr_100,attr_201,attr_126,attr_293,attr_37,attr_70,attr_327,attr_322,attr_232,attr_319,attr_9,attr_215,attr_69,attr_246;sku,attr_82,attr_335,attr_378,attr_313;sku,attr_70,attr_212,attr_316,attr_69
fam_49;"Eos est.";"Commodi modi inventore.";"Similique deserunt quam.";"Repellat aut.";name;sku,name,attr_278,attr_274,attr_181,attr_295,attr_342,attr_218,attr_317,attr_84,attr_222,attr_26,attr_119,attr_167,attr_154,attr_103,attr_108,attr_280,attr_86,attr_110,attr_90,attr_55,attr_254,attr_258,attr_57,attr_70,attr_122,attr_264,attr_252,attr_142,attr_223,attr_4,attr_273,attr_158,attr_3,attr_277,attr_62,attr_395,attr_43,attr_340,attr_115,attr_215,attr_380,attr_255,attr_33,attr_41,attr_1,attr_186,attr_216,attr_260,attr_200,attr_165,attr_259,attr_172,attr_240,attr_42,attr_265,attr_242,attr_298,attr_284,attr_123,attr_221,attr_329,attr_187,attr_28,attr_185,attr_382,attr_173,attr_85,attr_159,attr_29,attr_14,attr_341,attr_387,attr_205,attr_381,attr_291,attr_27,attr_347,attr_128,attr_376,attr_225,attr_392,attr_257,attr_190,attr_147,attr_363,attr_60,attr_183,attr_80,attr_94,attr_39,attr_153,attr_305,attr_97,attr_9,attr_332,attr_44,attr_48,attr_148,attr_243;sku,attr_340,attr_332,attr_200,attr_225;sku,attr_186,attr_240,attr_94,attr_242
